ts,action,side,position_ratio,notional_exposure,margin_required,reason_code
2026-04-30 11:00:00+00:00,HOLD,FLAT,0.0,0.0,0.0,HOLD_NO_ENTRY
2026-04-30 12:00:00+00:00,HOLD,FLAT,0.0,0.0,0.0,HOLD_NO_ENTRY
2026-04-30 13:00:00+00:00,HOLD,FLAT,0.0,0.0,0.0,HOLD_NO_ENTRY
2026-04-30 14:00:00+00:00,HOLD,FLAT,0.0,0.0,0.0,HOLD_NO_ENTRY
2026-04-30 15:00:00+00:00,HOLD,FLAT,0.0,0.0,0.0,HOLD_NO_ENTRY
2026-04-30 16:00:00+00:00,HOLD,FLAT,0.0,0.0,0.0,HOLD_NO_ENTRY
2026-04-30 17:00:00+00:00,HOLD,FLAT,0.0,0.0,0.0,HOLD_NO_ENTRY
2026-04-30 18:00:00+00:00,HOLD,FLAT,0.0,0.0,0.0,HOLD_NO_ENTRY
2026-04-30 19:00:00+00:00,HOLD,FLAT,0.0,0.0,0.0,HOLD_NO_ENTRY
2026-04-30 20:00:00+00:00,HOLD,FLAT,0.0,0.0,0.0,HOLD_NO_ENTRY
2026-04-30 21:00:00+00:00,HOLD,FLAT,0.0,0.0,0.0,HOLD_NO_ENTRY
2026-04-30 22:00:00+00:00,HOLD,FLAT,0.0,0.0,0.0,HOLD_NO_ENTRY
2026-04-30 23:00:00+00:00,HOLD,FLAT,0.0,0.0,0.0,HOLD_NO_ENTRY
2026-05-01 00:00:00+00:00,HOLD,FLAT,0.0,0.0,0.0,HOLD_NO_ENTRY
2026-05-01 01:00:00+00:00,HOLD,FLAT,0.0,0.0,0.0,HOLD_NO_ENTRY
2026-05-01 02:00:00+00:00,HOLD,FLAT,0.0,0.0,0.0,HOLD_NO_ENTRY
2026-05-01 03:00:00+00:00,HOLD,FLAT,0.0,0.0,0.0,HOLD_NO_ENTRY
2026-05-01 04:00:00+00:00,HOLD,FLAT,0.0,0.0,0.0,HOLD_NO_ENTRY
2026-05-01 05:00:00+00:00,HOLD,FLAT,0.0,0.0,0.0,HOLD_NO_ENTRY
2026-05-01 06:00:00+00:00,HOLD,FLAT,0.0,0.0,0.0,HOLD_NO_ENTRY
2026-05-01 07:00:00+00:00,HOLD,FLAT,0.0,0.0,0.0,HOLD_NO_ENTRY
2026-05-01 08:00:00+00:00,HOLD,FLAT,0.0,0.0,0.0,HOLD_NO_ENTRY
2026-05-01 09:00:00+00:00,HOLD,FLAT,0.0,0.0,0.0,HOLD_NO_ENTRY
2026-05-01 10:00:00+00:00,HOLD,FLAT,0.0,0.0,0.0,HOLD_NO_ENTRY
2026-05-01 11:00:00+00:00,HOLD,FLAT,0.0,0.0,0.0,HOLD_NO_ENTRY
2026-05-01 12:00:00+00:00,HOLD,FLAT,0.0,0.0,0.0,HOLD_NO_ENTRY
2026-05-01 13:00:00+00:00,HOLD,FLAT,0.0,0.0,0.0,HOLD_NO_ENTRY
2026-05-01 14:00:00+00:00,HOLD,FLAT,0.0,0.0,0.0,HOLD_NO_ENTRY
2026-05-01 15:00:00+00:00,HOLD,FLAT,0.0,0.0,0.0,HOLD_NO_ENTRY
2026-05-01 16:00:00+00:00,HOLD,FLAT,0.0,0.0,0.0,HOLD_NO_ENTRY
2026-05-01 17:00:00+00:00,HOLD,FLAT,0.0,0.0,0.0,HOLD_NO_ENTRY
2026-05-01 18:00:00+00:00,HOLD,FLAT,0.0,0.0,0.0,HOLD_NO_ENTRY
2026-05-01 19:00:00+00:00,HOLD,FLAT,0.0,0.0,0.0,HOLD_NO_ENTRY
2026-05-01 20:00:00+00:00,HOLD,FLAT,0.0,0.0,0.0,HOLD_NO_ENTRY
2026-05-01 21:00:00+00:00,HOLD,FLAT,0.0,0.0,0.0,HOLD_NO_ENTRY
2026-05-01 22:00:00+00:00,HOLD,FLAT,0.0,0.0,0.0,HOLD_NO_ENTRY
2026-05-01 23:00:00+00:00,HOLD,FLAT,0.0,0.0,0.0,HOLD_NO_ENTRY
2026-05-02 00:00:00+00:00,HOLD,FLAT,0.0,0.0,0.0,HOLD_NO_ENTRY
2026-05-02 01:00:00+00:00,HOLD,FLAT,0.0,0.0,0.0,HOLD_NO_ENTRY
2026-05-02 02:00:00+00:00,HOLD,FLAT,0.0,0.0,0.0,HOLD_NO_ENTRY
2026-05-02 03:00:00+00:00,HOLD,FLAT,0.0,0.0,0.0,HOLD_NO_ENTRY
2026-05-02 04:00:00+00:00,HOLD,FLAT,0.0,0.0,0.0,HOLD_NO_ENTRY
2026-05-02 05:00:00+00:00,HOLD,FLAT,0.0,0.0,0.0,HOLD_NO_ENTRY
2026-05-02 06:00:00+00:00,HOLD,FLAT,0.0,0.0,0.0,HOLD_NO_ENTRY
2026-05-02 07:00:00+00:00,HOLD,FLAT,0.0,0.0,0.0,HOLD_NO_ENTRY
2026-05-02 08:00:00+00:00,HOLD,FLAT,0.0,0.0,0.0,HOLD_NO_ENTRY
2026-05-02 09:00:00+00:00,HOLD,FLAT,0.0,0.0,0.0,HOLD_NO_ENTRY
2026-05-02 10:00:00+00:00,HOLD,FLAT,0.0,0.0,0.0,HOLD_NO_ENTRY
2026-05-02 11:00:00+00:00,HOLD,FLAT,0.0,0.0,0.0,HOLD_NO_ENTRY
2026-05-02 12:00:00+00:00,HOLD,FLAT,0.0,0.0,0.0,HOLD_NO_ENTRY
2026-05-02 13:00:00+00:00,HOLD,FLAT,0.0,0.0,0.0,HOLD_NO_ENTRY
2026-05-02 14:00:00+00:00,HOLD,FLAT,0.0,0.0,0.0,HOLD_NO_ENTRY
2026-05-02 15:00:00+00:00,HOLD,FLAT,0.0,0.0,0.0,HOLD_NO_ENTRY
2026-05-02 16:00:00+00:00,HOLD,FLAT,0.0,0.0,0.0,HOLD_NO_ENTRY
2026-05-02 17:00:00+00:00,HOLD,FLAT,0.0,0.0,0.0,HOLD_NO_ENTRY
2026-05-02 18:00:00+00:00,HOLD,FLAT,0.0,0.0,0.0,HOLD_NO_ENTRY
2026-05-02 19:00:00+00:00,HOLD,FLAT,0.0,0.0,0.0,HOLD_NO_ENTRY
2026-05-02 20:00:00+00:00,HOLD,FLAT,0.0,0.0,0.0,HOLD_NO_ENTRY
2026-05-02 21:00:00+00:00,HOLD,FLAT,0.0,0.0,0.0,HOLD_NO_ENTRY
2026-05-02 22:00:00+00:00,HOLD,FLAT,0.0,0.0,0.0,HOLD_NO_ENTRY
2026-05-02 23:00:00+00:00,HOLD,FLAT,0.0,0.0,0.0,HOLD_NO_ENTRY
2026-05-03 00:00:00+00:00,HOLD,FLAT,0.0,0.0,0.0,HOLD_NO_ENTRY
2026-05-03 01:00:00+00:00,HOLD,FLAT,0.0,0.0,0.0,HOLD_NO_ENTRY
2026-05-03 02:00:00+00:00,HOLD,FLAT,0.0,0.0,0.0,HOLD_NO_ENTRY
2026-05-03 03:00:00+00:00,HOLD,FLAT,0.0,0.0,0.0,HOLD_NO_ENTRY
2026-05-03 04:00:00+00:00,HOLD,FLAT,0.0,0.0,0.0,HOLD_NO_ENTRY
2026-05-03 05:00:00+00:00,HOLD,FLAT,0.0,0.0,0.0,HOLD_NO_ENTRY
2026-05-03 06:00:00+00:00,HOLD,FLAT,0.0,0.0,0.0,HOLD_NO_ENTRY
2026-05-03 07:00:00+00:00,HOLD,FLAT,0.0,0.0,0.0,HOLD_NO_ENTRY
2026-05-03 08:00:00+00:00,HOLD,FLAT,0.0,0.0,0.0,HOLD_NO_ENTRY
2026-05-03 09:00:00+00:00,HOLD,FLAT,0.0,0.0,0.0,HOLD_NO_ENTRY
2026-05-03 10:00:00+00:00,HOLD,FLAT,0.0,0.0,0.0,HOLD_NO_ENTRY
2026-05-03 11:00:00+00:00,HOLD,FLAT,0.0,0.0,0.0,WATCH_SLOW_UPTREND
2026-05-03 12:00:00+00:00,HOLD,FLAT,0.0,0.0,0.0,WATCH_SLOW_UPTREND
2026-05-03 13:00:00+00:00,HOLD,FLAT,0.0,0.0,0.0,WATCH_SLOW_UPTREND
2026-05-03 14:00:00+00:00,HOLD,FLAT,0.0,0.0,0.0,WATCH_SLOW_UPTREND
2026-05-03 15:00:00+00:00,HOLD,FLAT,0.0,0.0,0.0,WATCH_SLOW_UPTREND
2026-05-03 16:00:00+00:00,HOLD,FLAT,0.0,0.0,0.0,WATCH_SLOW_UPTREND
2026-05-03 17:00:00+00:00,HOLD,FLAT,0.0,0.0,0.0,WATCH_SLOW_UPTREND
2026-05-03 18:00:00+00:00,HOLD,FLAT,0.0,0.0,0.0,WATCH_SLOW_UPTREND
2026-05-03 19:00:00+00:00,HOLD,FLAT,0.0,0.0,0.0,WATCH_SLOW_UPTREND
2026-05-03 20:00:00+00:00,HOLD,FLAT,0.0,0.0,0.0,WATCH_SLOW_UPTREND
2026-05-03 21:00:00+00:00,HOLD,FLAT,0.0,0.0,0.0,WATCH_SLOW_UPTREND
2026-05-03 22:00:00+00:00,HOLD,FLAT,0.0,0.0,0.0,WATCH_SLOW_UPTREND
2026-05-03 23:00:00+00:00,HOLD,FLAT,0.0,0.0,0.0,WATCH_SLOW_UPTREND
2026-05-04 00:00:00+00:00,HOLD,FLAT,0.0,0.0,0.0,WATCH_SLOW_UPTREND
2026-05-04 01:00:00+00:00,HOLD,FLAT,0.0,0.0,0.0,WATCH_SLOW_UPTREND
2026-05-04 02:00:00+00:00,HOLD,FLAT,0.0,0.0,0.0,WATCH_SLOW_UPTREND
2026-05-04 03:00:00+00:00,HOLD,FLAT,0.0,0.0,0.0,WATCH_SLOW_UPTREND
2026-05-04 04:00:00+00:00,HOLD,FLAT,0.0,0.0,0.0,WATCH_SLOW_UPTREND
2026-05-04 05:00:00+00:00,HOLD,FLAT,0.0,0.0,0.0,WATCH_SLOW_UPTREND
2026-05-04 06:00:00+00:00,HOLD,FLAT,0.0,0.0,0.0,WATCH_SLOW_UPTREND
2026-05-04 07:00:00+00:00,HOLD,FLAT,0.0,0.0,0.0,WATCH_SLOW_UPTREND
2026-05-04 08:00:00+00:00,HOLD,FLAT,0.0,0.0,0.0,WATCH_SLOW_UPTREND
2026-05-04 09:00:00+00:00,HOLD,FLAT,0.0,0.0,0.0,WATCH_SLOW_UPTREND
2026-05-04 10:00:00+00:00,HOLD,FLAT,0.0,0.0,0.0,WATCH_SLOW_UPTREND
2026-05-04 11:00:00+00:00,HOLD,FLAT,0.0,0.0,0.0,HOLD_NO_ENTRY
2026-05-04 12:00:00+00:00,HOLD,FLAT,0.0,0.0,0.0,HOLD_NO_ENTRY
2026-05-04 13:00:00+00:00,HOLD,FLAT,0.0,0.0,0.0,HOLD_NO_ENTRY
2026-05-04 14:00:00+00:00,HOLD,FLAT,0.0,0.0,0.0,HOLD_NO_ENTRY
2026-05-04 15:00:00+00:00,HOLD,FLAT,0.0,0.0,0.0,WATCH_SLOW_UPTREND
2026-05-04 16:00:00+00:00,HOLD,FLAT,0.0,0.0,0.0,WATCH_SLOW_UPTREND
2026-05-04 17:00:00+00:00,HOLD,FLAT,0.0,0.0,0.0,WATCH_SLOW_UPTREND
2026-05-04 18:00:00+00:00,HOLD,FLAT,0.0,0.0,0.0,WATCH_SLOW_UPTREND
2026-05-04 19:00:00+00:00,HOLD,FLAT,0.0,0.0,0.0,WATCH_SLOW_UPTREND
2026-05-04 20:00:00+00:00,HOLD,FLAT,0.0,0.0,0.0,WATCH_SLOW_UPTREND
2026-05-04 21:00:00+00:00,HOLD,FLAT,0.0,0.0,0.0,WATCH_SLOW_UPTREND
2026-05-04 22:00:00+00:00,HOLD,FLAT,0.0,0.0,0.0,WATCH_SLOW_UPTREND
2026-05-04 23:00:00+00:00,HOLD,FLAT,0.0,0.0,0.0,WATCH_SLOW_UPTREND
2026-05-05 00:00:00+00:00,HOLD,FLAT,0.0,0.0,0.0,WATCH_SLOW_UPTREND
2026-05-05 01:00:00+00:00,HOLD,FLAT,0.0,0.0,0.0,WATCH_SLOW_UPTREND
2026-05-05 02:00:00+00:00,HOLD,FLAT,0.0,0.0,0.0,WATCH_SLOW_UPTREND
2026-05-05 03:00:00+00:00,HOLD,FLAT,0.0,0.0,0.0,WATCH_SLOW_UPTREND
2026-05-05 04:00:00+00:00,HOLD,FLAT,0.0,0.0,0.0,WATCH_SLOW_UPTREND
2026-05-05 05:00:00+00:00,HOLD,FLAT,0.0,0.0,0.0,WATCH_SLOW_UPTREND
2026-05-05 06:00:00+00:00,HOLD,FLAT,0.0,0.0,0.0,WATCH_SLOW_UPTREND
2026-05-05 07:00:00+00:00,HOLD,FLAT,0.0,0.0,0.0,WATCH_SLOW_UPTREND
2026-05-05 08:00:00+00:00,HOLD,FLAT,0.0,0.0,0.0,WATCH_SLOW_UPTREND
2026-05-05 09:00:00+00:00,HOLD,FLAT,0.0,0.0,0.0,WATCH_SLOW_UPTREND
2026-05-05 10:00:00+00:00,HOLD,FLAT,0.0,0.0,0.0,WATCH_SLOW_UPTREND
2026-05-05 11:00:00+00:00,HOLD,FLAT,0.0,0.0,0.0,WATCH_SLOW_UPTREND
2026-05-05 12:00:00+00:00,HOLD,FLAT,0.0,0.0,0.0,WATCH_SLOW_UPTREND
2026-05-05 13:00:00+00:00,HOLD,FLAT,0.0,0.0,0.0,WATCH_SLOW_UPTREND
2026-05-05 14:00:00+00:00,HOLD,FLAT,0.0,0.0,0.0,WATCH_SLOW_UPTREND
2026-05-05 15:00:00+00:00,HOLD,FLAT,0.0,0.0,0.0,WATCH_SLOW_UPTREND
2026-05-05 16:00:00+00:00,HOLD,FLAT,0.0,0.0,0.0,WATCH_SLOW_UPTREND
2026-05-05 17:00:00+00:00,HOLD,FLAT,0.0,0.0,0.0,WATCH_SLOW_UPTREND
2026-05-05 18:00:00+00:00,HOLD,FLAT,0.0,0.0,0.0,WATCH_SLOW_UPTREND
2026-05-05 19:00:00+00:00,HOLD,FLAT,0.0,0.0,0.0,WATCH_SLOW_UPTREND
2026-05-05 20:00:00+00:00,HOLD,FLAT,0.0,0.0,0.0,WATCH_SLOW_UPTREND
2026-05-05 21:00:00+00:00,HOLD,FLAT,0.0,0.0,0.0,WATCH_SLOW_UPTREND
2026-05-05 22:00:00+00:00,HOLD,FLAT,0.0,0.0,0.0,WATCH_SLOW_UPTREND
2026-05-05 23:00:00+00:00,HOLD,FLAT,0.0,0.0,0.0,WATCH_SLOW_UPTREND
2026-05-06 00:00:00+00:00,HOLD,FLAT,0.0,0.0,0.0,WATCH_SLOW_UPTREND
2026-05-06 01:00:00+00:00,HOLD,FLAT,0.0,0.0,0.0,WATCH_SLOW_UPTREND
2026-05-06 02:00:00+00:00,HOLD,FLAT,0.0,0.0,0.0,WATCH_SLOW_UPTREND
2026-05-06 03:00:00+00:00,HOLD,FLAT,0.0,0.0,0.0,WATCH_SLOW_UPTREND
2026-05-06 04:00:00+00:00,HOLD,FLAT,0.0,0.0,0.0,WATCH_SLOW_UPTREND
2026-05-06 05:00:00+00:00,HOLD,FLAT,0.0,0.0,0.0,WATCH_SLOW_UPTREND
2026-05-06 06:00:00+00:00,HOLD,FLAT,0.0,0.0,0.0,WATCH_SLOW_UPTREND
2026-05-06 07:00:00+00:00,HOLD,FLAT,0.0,0.0,0.0,WATCH_SLOW_UPTREND
2026-05-06 08:00:00+00:00,HOLD,FLAT,0.0,0.0,0.0,WATCH_SLOW_UPTREND
2026-05-06 09:00:00+00:00,HOLD,FLAT,0.0,0.0,0.0,WATCH_SLOW_UPTREND
2026-05-06 10:00:00+00:00,HOLD,FLAT,0.0,0.0,0.0,WATCH_SLOW_UPTREND
2026-05-06 11:00:00+00:00,HOLD,FLAT,0.0,0.0,0.0,WATCH_SLOW_UPTREND
2026-05-06 12:00:00+00:00,HOLD,FLAT,0.0,0.0,0.0,WATCH_SLOW_UPTREND
2026-05-06 13:00:00+00:00,HOLD,FLAT,0.0,0.0,0.0,WATCH_SLOW_UPTREND
2026-05-06 14:00:00+00:00,HOLD,FLAT,0.0,0.0,0.0,WATCH_SLOW_UPTREND
2026-05-06 15:00:00+00:00,HOLD,FLAT,0.0,0.0,0.0,WATCH_SLOW_UPTREND
2026-05-06 16:00:00+00:00,HOLD,FLAT,0.0,0.0,0.0,WATCH_SLOW_UPTREND
2026-05-06 17:00:00+00:00,HOLD,FLAT,0.0,0.0,0.0,WATCH_SLOW_UPTREND
2026-05-06 18:00:00+00:00,HOLD,FLAT,0.0,0.0,0.0,WATCH_SLOW_UPTREND
2026-05-06 19:00:00+00:00,HOLD,FLAT,0.0,0.0,0.0,WATCH_SLOW_UPTREND
2026-05-06 20:00:00+00:00,HOLD,FLAT,0.0,0.0,0.0,WATCH_SLOW_UPTREND
2026-05-06 21:00:00+00:00,HOLD,FLAT,0.0,0.0,0.0,WATCH_SLOW_UPTREND
2026-05-06 22:00:00+00:00,HOLD,FLAT,0.0,0.0,0.0,WATCH_SLOW_UPTREND
2026-05-06 23:00:00+00:00,HOLD,FLAT,0.0,0.0,0.0,WATCH_SLOW_UPTREND
2026-05-07 00:00:00+00:00,HOLD,FLAT,0.0,0.0,0.0,WATCH_SLOW_UPTREND
2026-05-07 01:00:00+00:00,HOLD,FLAT,0.0,0.0,0.0,HOLD_NO_ENTRY
2026-05-07 02:00:00+00:00,HOLD,FLAT,0.0,0.0,0.0,HOLD_NO_ENTRY
2026-05-07 03:00:00+00:00,HOLD,FLAT,0.0,0.0,0.0,HOLD_NO_ENTRY
2026-05-07 04:00:00+00:00,HOLD,FLAT,0.0,0.0,0.0,HOLD_NO_ENTRY
2026-05-07 05:00:00+00:00,HOLD,FLAT,0.0,0.0,0.0,HOLD_NO_ENTRY
2026-05-07 06:00:00+00:00,HOLD,FLAT,0.0,0.0,0.0,HOLD_NO_ENTRY
2026-05-07 07:00:00+00:00,HOLD,FLAT,0.0,0.0,0.0,HOLD_NO_ENTRY
2026-05-07 08:00:00+00:00,OPEN_SHORT,SHORT,0.04258401975035667,0.8516803950071334,0.04258401975035667,OPEN_SHORT_SIGNAL
2026-05-07 09:00:00+00:00,ADD,SHORT,0.07205703467130661,1.4411406934261324,0.07205703467130661,ADD_SIGNAL_CONFIRMED
2026-05-07 10:00:00+00:00,HOLD,SHORT,0.05849097073078156,1.169819414615631,0.05849097073078156,HOLD_TREND_CONTINUATION
2026-05-07 11:00:00+00:00,HOLD,SHORT,0.05714729130268097,1.1429458260536194,0.05714729130268097,HOLD_TREND_CONTINUATION
2026-05-07 12:00:00+00:00,HOLD,SHORT,0.05649828165769577,1.1299656331539154,0.05649828165769577,HOLD_TREND_CONTINUATION
2026-05-07 13:00:00+00:00,REDUCE,SHORT,0.04791792805641889,0.9583585611283778,0.04791792805641889,REDUCE_TREND_EXHAUSTION
2026-05-07 14:00:00+00:00,HOLD,SHORT,0.056692831218242645,1.133856624364853,0.056692831218242645,HOLD_TREND_CONTINUATION
2026-05-07 15:00:00+00:00,HOLD,SHORT,0.0,0.0,0.0,HOLD_TREND_CONTINUATION
2026-05-07 16:00:00+00:00,HOLD,SHORT,0.05471573472023011,1.094314694404602,0.05471573472023011,HOLD_TREND_CONTINUATION
2026-05-07 17:00:00+00:00,HOLD,SHORT,0.05393721014261246,1.0787442028522491,0.05393721014261246,HOLD_TREND_CONTINUATION
2026-05-07 18:00:00+00:00,HOLD,SHORT,0.05247043520212174,1.0494087040424347,0.05247043520212174,HOLD_TREND_CONTINUATION
2026-05-07 19:00:00+00:00,HOLD,SHORT,0.05093270242214203,1.0186540484428406,0.05093270242214203,HOLD_TREND_CONTINUATION
2026-05-07 20:00:00+00:00,HOLD,SHORT,0.05071865320205689,1.0143730640411377,0.05071865320205689,HOLD_TREND_CONTINUATION
2026-05-07 21:00:00+00:00,HOLD,SHORT,0.05065608620643616,1.0131217241287231,0.05065608620643616,HOLD_TREND_CONTINUATION
2026-05-07 22:00:00+00:00,HOLD,SHORT,0.050042356550693515,1.0008471310138702,0.050042356550693515,HOLD_TREND_CONTINUATION
2026-05-07 23:00:00+00:00,HOLD,SHORT,0.053424505889415747,1.0684901177883148,0.053424505889415747,HOLD_TREND_CONTINUATION
2026-05-08 00:00:00+00:00,HOLD,SHORT,0.05318153351545334,1.0636306703090668,0.05318153351545334,HOLD_TREND_CONTINUATION
2026-05-08 01:00:00+00:00,HOLD,SHORT,0.05358419567346573,1.0716839134693146,0.05358419567346573,HOLD_TREND_CONTINUATION
2026-05-08 02:00:00+00:00,HOLD,SHORT,0.05422620922327042,1.0845241844654083,0.05422620922327042,HOLD_TREND_CONTINUATION
2026-05-08 03:00:00+00:00,HOLD,SHORT,0.05294092148542404,1.0588184297084808,0.05294092148542404,HOLD_TREND_CONTINUATION
2026-05-08 04:00:00+00:00,HOLD,SHORT,0.05260857343673706,1.0521714687347412,0.05260857343673706,HOLD_TREND_CONTINUATION
2026-05-08 05:00:00+00:00,HOLD,SHORT,0.05311455428600312,1.0622910857200623,0.05311455428600312,HOLD_TREND_CONTINUATION
2026-05-08 06:00:00+00:00,HOLD,SHORT,0.05262087136507035,1.0524174273014069,0.05262087136507035,HOLD_TREND_CONTINUATION
2026-05-08 07:00:00+00:00,REDUCE,SHORT,0.023958964028209444,0.4791792805641889,0.023958964028209444,REDUCE_TREND_PROFIT_LOCK
2026-05-08 08:00:00+00:00,HOLD,SHORT,0.052169039845466614,1.0433807969093323,0.052169039845466614,HOLD_TREND_RUNNER
2026-05-08 09:00:00+00:00,HOLD,SHORT,0.03652924582362175,0.730584916472435,0.03652924582362175,HOLD_TREND_RUNNER
2026-05-08 10:00:00+00:00,HOLD,SHORT,0.05068831294775009,1.0137662589550018,0.05068831294775009,HOLD_TREND_RUNNER
2026-05-08 11:00:00+00:00,HOLD,SHORT,0.03564183607697487,0.7128367215394973,0.03564183607697487,HOLD_TREND_RUNNER
2026-05-08 12:00:00+00:00,HOLD,SHORT,0.03501584023237229,0.7003168046474457,0.03501584023237229,HOLD_TREND_RUNNER
2026-05-08 13:00:00+00:00,HOLD,SHORT,0.0352053128182888,0.7041062563657761,0.0352053128182888,HOLD_TREND_RUNNER
2026-05-08 14:00:00+00:00,HOLD,SHORT,0.05033986270427704,1.0067972540855408,0.05033986270427704,HOLD_TREND_RUNNER
2026-05-08 15:00:00+00:00,HOLD,SHORT,0.035064321607351304,0.701286432147026,0.035064321607351304,HOLD_TREND_RUNNER
2026-05-08 16:00:00+00:00,HOLD,SHORT,0.03663543671369553,0.7327087342739105,0.03663543671369553,HOLD_TREND_RUNNER
2026-05-08 17:00:00+00:00,HOLD,SHORT,0.05358715951442719,1.0717431902885437,0.05358715951442719,HOLD_TREND_RUNNER
2026-05-08 18:00:00+00:00,HOLD,SHORT,0.03811847925186157,0.7623695850372314,0.03811847925186157,HOLD_TREND_RUNNER
2026-05-08 19:00:00+00:00,HOLD,SHORT,0.038177543729543684,0.7635508745908737,0.038177543729543684,HOLD_TREND_RUNNER
2026-05-08 20:00:00+00:00,HOLD,SHORT,0.03843955218791962,0.7687910437583924,0.03843955218791962,HOLD_TREND_RUNNER
2026-05-08 21:00:00+00:00,HOLD,SHORT,0.03713155329227447,0.7426310658454894,0.03713155329227447,HOLD_TREND_RUNNER
2026-05-08 22:00:00+00:00,HOLD,SHORT,0.03726764097809791,0.7453528195619583,0.03726764097809791,HOLD_TREND_RUNNER
2026-05-08 23:00:00+00:00,HOLD,SHORT,0.037103890776634216,0.7420778155326844,0.037103890776634216,HOLD_TREND_RUNNER
2026-05-09 00:00:00+00:00,HOLD,SHORT,0.03941038757562637,0.7882077515125274,0.03941038757562637,HOLD_TREND_RUNNER
2026-05-09 01:00:00+00:00,HOLD,SHORT,0.040570498406887055,0.8114099681377411,0.040570498406887055,HOLD_TREND_RUNNER
2026-05-09 02:00:00+00:00,HOLD,SHORT,0.036310915350914005,0.7262183070182802,0.036310915350914005,HOLD_TREND_RUNNER
2026-05-09 03:00:00+00:00,HOLD,SHORT,0.03550568893551826,0.7101137787103652,0.03550568893551826,HOLD_TREND_RUNNER
2026-05-09 04:00:00+00:00,HOLD,SHORT,0.03544274419546127,0.7088548839092255,0.03544274419546127,HOLD_TREND_RUNNER
2026-05-09 05:00:00+00:00,HOLD,SHORT,0.036555506438016895,0.7311101287603379,0.036555506438016895,HOLD_TREND_RUNNER
2026-05-09 06:00:00+00:00,HOLD,SHORT,0.03623226493597031,0.7246452987194062,0.03623226493597031,HOLD_TREND_RUNNER
2026-05-09 07:00:00+00:00,HOLD,SHORT,0.0363197335600853,0.726394671201706,0.0363197335600853,HOLD_TREND_RUNNER
2026-05-09 08:00:00+00:00,CLOSE,FLAT,0.0,0.0,0.0,CLOSE_TREND_MAX_HOLD_BARS
2026-05-09 09:00:00+00:00,HOLD,FLAT,0.0,0.0,0.0,WATCH_SLOW_UPTREND
2026-05-09 10:00:00+00:00,HOLD,FLAT,0.0,0.0,0.0,WATCH_SLOW_UPTREND
2026-05-09 11:00:00+00:00,HOLD,FLAT,0.0,0.0,0.0,WATCH_SLOW_UPTREND
2026-05-09 12:00:00+00:00,HOLD,FLAT,0.0,0.0,0.0,WATCH_SLOW_UPTREND
2026-05-09 13:00:00+00:00,HOLD,FLAT,0.0,0.0,0.0,WATCH_SLOW_UPTREND
2026-05-09 14:00:00+00:00,HOLD,FLAT,0.0,0.0,0.0,WATCH_SLOW_UPTREND
2026-05-09 15:00:00+00:00,HOLD,FLAT,0.0,0.0,0.0,WATCH_SLOW_UPTREND
2026-05-09 16:00:00+00:00,HOLD,FLAT,0.0,0.0,0.0,WATCH_SLOW_UPTREND
2026-05-09 17:00:00+00:00,HOLD,FLAT,0.0,0.0,0.0,WATCH_SLOW_UPTREND
2026-05-09 18:00:00+00:00,HOLD,FLAT,0.0,0.0,0.0,WATCH_SLOW_UPTREND
2026-05-09 19:00:00+00:00,HOLD,FLAT,0.0,0.0,0.0,WATCH_SLOW_UPTREND
2026-05-09 20:00:00+00:00,HOLD,FLAT,0.0,0.0,0.0,WATCH_SLOW_UPTREND
2026-05-09 21:00:00+00:00,HOLD,FLAT,0.0,0.0,0.0,WATCH_SLOW_UPTREND
2026-05-09 22:00:00+00:00,HOLD,FLAT,0.0,0.0,0.0,WATCH_SLOW_UPTREND
2026-05-09 23:00:00+00:00,HOLD,FLAT,0.0,0.0,0.0,WATCH_SLOW_UPTREND
2026-05-10 00:00:00+00:00,HOLD,FLAT,0.0,0.0,0.0,WATCH_SLOW_UPTREND
2026-05-10 01:00:00+00:00,HOLD,FLAT,0.0,0.0,0.0,WATCH_SLOW_UPTREND
2026-05-10 02:00:00+00:00,HOLD,FLAT,0.0,0.0,0.0,WATCH_SLOW_UPTREND
2026-05-10 03:00:00+00:00,HOLD,FLAT,0.0,0.0,0.0,WATCH_SLOW_UPTREND
2026-05-10 04:00:00+00:00,HOLD,FLAT,0.0,0.0,0.0,WATCH_SLOW_UPTREND
2026-05-10 05:00:00+00:00,HOLD,FLAT,0.0,0.0,0.0,WATCH_SLOW_UPTREND
2026-05-10 06:00:00+00:00,HOLD,FLAT,0.0,0.0,0.0,WATCH_SLOW_UPTREND
2026-05-10 07:00:00+00:00,HOLD,FLAT,0.0,0.0,0.0,WATCH_SLOW_UPTREND
2026-05-10 08:00:00+00:00,HOLD,FLAT,0.0,0.0,0.0,WATCH_SLOW_UPTREND
2026-05-10 09:00:00+00:00,HOLD,FLAT,0.0,0.0,0.0,WATCH_SLOW_UPTREND
2026-05-10 10:00:00+00:00,HOLD,FLAT,0.0,0.0,0.0,WATCH_SLOW_UPTREND
2026-05-10 11:00:00+00:00,HOLD,FLAT,0.0,0.0,0.0,WATCH_SLOW_UPTREND
2026-05-10 12:00:00+00:00,HOLD,FLAT,0.0,0.0,0.0,WATCH_SLOW_UPTREND
2026-05-10 13:00:00+00:00,HOLD,FLAT,0.0,0.0,0.0,WATCH_SLOW_UPTREND
2026-05-10 14:00:00+00:00,HOLD,FLAT,0.0,0.0,0.0,WATCH_SLOW_UPTREND
2026-05-10 15:00:00+00:00,HOLD,FLAT,0.0,0.0,0.0,WATCH_SLOW_UPTREND
2026-05-10 16:00:00+00:00,HOLD,FLAT,0.0,0.0,0.0,WATCH_SLOW_UPTREND
2026-05-10 17:00:00+00:00,HOLD,FLAT,0.0,0.0,0.0,WATCH_SLOW_UPTREND
2026-05-10 18:00:00+00:00,HOLD,FLAT,0.0,0.0,0.0,WATCH_SLOW_UPTREND
2026-05-10 19:00:00+00:00,HOLD,FLAT,0.0,0.0,0.0,WATCH_SLOW_UPTREND
2026-05-10 20:00:00+00:00,HOLD,FLAT,0.0,0.0,0.0,WATCH_SLOW_UPTREND
2026-05-10 21:00:00+00:00,HOLD,FLAT,0.0,0.0,0.0,HOLD_NO_ENTRY
2026-05-10 22:00:00+00:00,HOLD,FLAT,0.0,0.0,0.0,HOLD_NO_ENTRY
2026-05-10 23:00:00+00:00,HOLD,FLAT,0.0,0.0,0.0,WATCH_SLOW_UPTREND
2026-05-11 00:00:00+00:00,HOLD,FLAT,0.0,0.0,0.0,WATCH_SLOW_UPTREND
2026-05-11 01:00:00+00:00,HOLD,FLAT,0.0,0.0,0.0,WATCH_SLOW_UPTREND
2026-05-11 02:00:00+00:00,HOLD,FLAT,0.0,0.0,0.0,WATCH_SLOW_UPTREND
2026-05-11 03:00:00+00:00,HOLD,FLAT,0.0,0.0,0.0,WATCH_SLOW_UPTREND
2026-05-11 04:00:00+00:00,HOLD,FLAT,0.0,0.0,0.0,HOLD_NO_ENTRY
2026-05-11 05:00:00+00:00,HOLD,FLAT,0.0,0.0,0.0,HOLD_NO_ENTRY
2026-05-11 06:00:00+00:00,HOLD,FLAT,0.0,0.0,0.0,WATCH_SLOW_UPTREND
2026-05-11 07:00:00+00:00,HOLD,FLAT,0.0,0.0,0.0,WATCH_SLOW_UPTREND
2026-05-11 08:00:00+00:00,HOLD,FLAT,0.0,0.0,0.0,HOLD_NO_ENTRY
2026-05-11 09:00:00+00:00,HOLD,FLAT,0.0,0.0,0.0,HOLD_NO_ENTRY
2026-05-11 10:00:00+00:00,OPEN_LONG,LONG,0.03948653772473335,0.789730754494667,0.03948653772473335,OPEN_LONG_SIGNAL
2026-05-11 11:00:00+00:00,ADD,LONG,0.04618262086808682,0.9236524173617364,0.04618262086808682,ADD_SIGNAL_CONFIRMED
2026-05-11 12:00:00+00:00,ADD,LONG,0.05087220253199339,1.0174440506398679,0.05087220253199339,ADD_SIGNAL_CONFIRMED
2026-05-11 13:00:00+00:00,HOLD,LONG,0.03667888313531876,0.7335776627063751,0.03667888313531876,HOLD_SIGNAL_VALID
2026-05-11 14:00:00+00:00,HOLD,LONG,0.036780755668878555,0.7356151133775711,0.036780755668878555,HOLD_SIGNAL_VALID
2026-05-11 15:00:00+00:00,HOLD,LONG,0.03637587532401085,0.727517506480217,0.03637587532401085,HOLD_SIGNAL_VALID
2026-05-11 16:00:00+00:00,HOLD,LONG,0.052720542252063754,1.054410845041275,0.052720542252063754,HOLD_SIGNAL_VALID
2026-05-11 17:00:00+00:00,HOLD,LONG,0.03516713291406631,0.7033426582813262,0.03516713291406631,HOLD_SIGNAL_VALID
2026-05-11 18:00:00+00:00,CLOSE,FLAT,0.0,0.0,0.0,CLOSE_MAX_HOLD_BARS
2026-05-11 19:00:00+00:00,HOLD,FLAT,0.0,0.0,0.0,WATCH_SLOW_UPTREND
2026-05-11 20:00:00+00:00,HOLD,FLAT,0.0,0.0,0.0,WATCH_SLOW_UPTREND
2026-05-11 21:00:00+00:00,HOLD,FLAT,0.0,0.0,0.0,WATCH_SLOW_UPTREND
2026-05-11 22:00:00+00:00,HOLD,FLAT,0.0,0.0,0.0,WATCH_SLOW_UPTREND
2026-05-11 23:00:00+00:00,HOLD,FLAT,0.0,0.0,0.0,WATCH_SLOW_UPTREND
2026-05-12 00:00:00+00:00,HOLD,FLAT,0.0,0.0,0.0,WATCH_SLOW_UPTREND
2026-05-12 01:00:00+00:00,HOLD,FLAT,0.0,0.0,0.0,WATCH_SLOW_UPTREND
2026-05-12 02:00:00+00:00,HOLD,FLAT,0.0,0.0,0.0,HOLD_NO_ENTRY
2026-05-12 03:00:00+00:00,HOLD,FLAT,0.0,0.0,0.0,HOLD_NO_ENTRY
2026-05-12 04:00:00+00:00,HOLD,FLAT,0.0,0.0,0.0,HOLD_NO_ENTRY
2026-05-12 05:00:00+00:00,HOLD,FLAT,0.0,0.0,0.0,WATCH_SLOW_UPTREND
2026-05-12 06:00:00+00:00,HOLD,FLAT,0.0,0.0,0.0,HOLD_NO_ENTRY
2026-05-12 07:00:00+00:00,HOLD,FLAT,0.0,0.0,0.0,HOLD_NO_ENTRY
2026-05-12 08:00:00+00:00,HOLD,FLAT,0.0,0.0,0.0,HOLD_NO_ENTRY
2026-05-12 09:00:00+00:00,HOLD,FLAT,0.0,0.0,0.0,HOLD_NO_ENTRY
2026-05-12 10:00:00+00:00,HOLD,FLAT,0.0,0.0,0.0,HOLD_NO_ENTRY
2026-05-12 11:00:00+00:00,HOLD,FLAT,0.0,0.0,0.0,HOLD_NO_ENTRY
2026-05-12 12:00:00+00:00,HOLD,FLAT,0.0,0.0,0.0,HOLD_NO_ENTRY
2026-05-12 13:00:00+00:00,HOLD,FLAT,0.0,0.0,0.0,HOLD_NO_ENTRY
2026-05-12 14:00:00+00:00,HOLD,FLAT,0.0,0.0,0.0,HOLD_NO_ENTRY
2026-05-12 15:00:00+00:00,HOLD,FLAT,0.0,0.0,0.0,HOLD_NO_ENTRY
2026-05-12 16:00:00+00:00,HOLD,FLAT,0.0,0.0,0.0,HOLD_NO_ENTRY
2026-05-12 17:00:00+00:00,HOLD,FLAT,0.0,0.0,0.0,HOLD_NO_ENTRY
2026-05-12 18:00:00+00:00,HOLD,FLAT,0.0,0.0,0.0,HOLD_NO_ENTRY
2026-05-12 19:00:00+00:00,HOLD,FLAT,0.0,0.0,0.0,HOLD_NO_ENTRY
2026-05-12 20:00:00+00:00,HOLD,FLAT,0.0,0.0,0.0,HOLD_NO_ENTRY
2026-05-12 21:00:00+00:00,HOLD,FLAT,0.0,0.0,0.0,HOLD_NO_ENTRY
2026-05-12 22:00:00+00:00,HOLD,FLAT,0.0,0.0,0.0,HOLD_NO_ENTRY
2026-05-12 23:00:00+00:00,HOLD,FLAT,0.0,0.0,0.0,HOLD_NO_ENTRY
2026-05-13 00:00:00+00:00,HOLD,FLAT,0.0,0.0,0.0,HOLD_NO_ENTRY
2026-05-13 01:00:00+00:00,HOLD,FLAT,0.0,0.0,0.0,HOLD_NO_ENTRY
2026-05-13 02:00:00+00:00,HOLD,FLAT,0.0,0.0,0.0,HOLD_NO_ENTRY
2026-05-13 03:00:00+00:00,HOLD,FLAT,0.0,0.0,0.0,HOLD_NO_ENTRY
2026-05-13 04:00:00+00:00,HOLD,FLAT,0.0,0.0,0.0,HOLD_NO_ENTRY
2026-05-13 05:00:00+00:00,HOLD,FLAT,0.0,0.0,0.0,WATCH_SLOW_UPTREND
2026-05-13 06:00:00+00:00,HOLD,FLAT,0.0,0.0,0.0,WATCH_SLOW_UPTREND
2026-05-13 07:00:00+00:00,HOLD,FLAT,0.0,0.0,0.0,WATCH_SLOW_UPTREND
2026-05-13 08:00:00+00:00,HOLD,FLAT,0.0,0.0,0.0,WATCH_SLOW_UPTREND
2026-05-13 09:00:00+00:00,HOLD,FLAT,0.0,0.0,0.0,WATCH_SLOW_UPTREND
2026-05-13 10:00:00+00:00,HOLD,FLAT,0.0,0.0,0.0,WATCH_SLOW_UPTREND
2026-05-13 11:00:00+00:00,HOLD,FLAT,0.0,0.0,0.0,HOLD_NO_ENTRY
2026-05-13 12:00:00+00:00,HOLD,FLAT,0.0,0.0,0.0,HOLD_NO_ENTRY
2026-05-13 13:00:00+00:00,HOLD,FLAT,0.0,0.0,0.0,HOLD_NO_ENTRY
2026-05-13 14:00:00+00:00,OPEN_SHORT,SHORT,0.06,1.2,0.06,OPEN_SHORT_CRASH
2026-05-13 15:00:00+00:00,HOLD,SHORT,0.051596763730049136,1.0319352746009827,0.051596763730049136,HOLD_SHORT_REVERSE_WAIT_CONFIRM
2026-05-13 16:00:00+00:00,HOLD,SHORT,0.05056269615888596,1.0112539231777191,0.05056269615888596,HOLD_SHORT_REVERSE_WAIT_CONFIRM
2026-05-13 17:00:00+00:00,HOLD,SHORT,0.05123896151781082,1.0247792303562164,0.05123896151781082,HOLD_CRASH_TREND_CONFIRMING
2026-05-13 18:00:00+00:00,HOLD,SHORT,0.051098194718360905,1.021963894367218,0.051098194718360905,HOLD_SHORT_REVERSE_WAIT_CONFIRM
2026-05-13 19:00:00+00:00,HOLD,SHORT,0.052081966400146486,1.0416393280029297,0.052081966400146486,HOLD_SHORT_REVERSE_WAIT_CONFIRM
2026-05-13 20:00:00+00:00,HOLD,SHORT,0.05051081329584122,1.0102162659168243,0.05051081329584122,HOLD_CRASH_TREND_CONFIRMING
2026-05-13 21:00:00+00:00,HOLD,SHORT,0.05089209377765656,1.017841875553131,0.05089209377765656,HOLD_CRASH_TREND_CONFIRMING
2026-05-13 22:00:00+00:00,HOLD,SHORT,0.051343089342117315,1.0268617868423462,0.051343089342117315,HOLD_CRASH_TREND_CONFIRMING
2026-05-13 23:00:00+00:00,HOLD,SHORT,0.05072601586580277,1.0145203173160553,0.05072601586580277,HOLD_CRASH_TREND_CONFIRMING
2026-05-14 00:00:00+00:00,HOLD,SHORT,0.05144205838441849,1.0288411676883698,0.05144205838441849,HOLD_CRASH_TREND_CONFIRMING
2026-05-14 01:00:00+00:00,CLOSE,FLAT,0.0,0.0,0.0,CLOSE_REVERSE_SIGNAL
2026-05-14 02:00:00+00:00,HOLD,FLAT,0.0,0.0,0.0,HOLD_NO_ENTRY
2026-05-14 03:00:00+00:00,HOLD,FLAT,0.0,0.0,0.0,HOLD_NO_ENTRY
2026-05-14 04:00:00+00:00,HOLD,FLAT,0.0,0.0,0.0,HOLD_NO_ENTRY
2026-05-14 05:00:00+00:00,HOLD,FLAT,0.0,0.0,0.0,HOLD_NO_ENTRY
2026-05-14 06:00:00+00:00,HOLD,FLAT,0.0,0.0,0.0,HOLD_NO_ENTRY
2026-05-14 07:00:00+00:00,HOLD,FLAT,0.0,0.0,0.0,HOLD_NO_ENTRY
2026-05-14 08:00:00+00:00,HOLD,FLAT,0.0,0.0,0.0,HOLD_NO_ENTRY
2026-05-14 09:00:00+00:00,HOLD,FLAT,0.0,0.0,0.0,HOLD_NO_ENTRY
2026-05-14 10:00:00+00:00,HOLD,FLAT,0.0,0.0,0.0,HOLD_NO_ENTRY
2026-05-14 11:00:00+00:00,HOLD,FLAT,0.0,0.0,0.0,HOLD_NO_ENTRY
2026-05-14 12:00:00+00:00,HOLD,FLAT,0.0,0.0,0.0,HOLD_NO_ENTRY
2026-05-14 13:00:00+00:00,HOLD,FLAT,0.0,0.0,0.0,HOLD_NO_ENTRY
2026-05-14 14:00:00+00:00,HOLD,FLAT,0.0,0.0,0.0,HOLD_NO_ENTRY
2026-05-14 15:00:00+00:00,HOLD,FLAT,0.0,0.0,0.0,HOLD_NO_ENTRY
2026-05-14 16:00:00+00:00,HOLD,FLAT,0.0,0.0,0.0,WATCH_SLOW_UPTREND
2026-05-14 17:00:00+00:00,HOLD,FLAT,0.0,0.0,0.0,WATCH_SLOW_UPTREND
2026-05-14 18:00:00+00:00,HOLD,FLAT,0.0,0.0,0.0,WATCH_SLOW_UPTREND
2026-05-14 19:00:00+00:00,HOLD,FLAT,0.0,0.0,0.0,WATCH_SLOW_UPTREND
2026-05-14 20:00:00+00:00,HOLD,FLAT,0.0,0.0,0.0,WATCH_SLOW_UPTREND
2026-05-14 21:00:00+00:00,HOLD,FLAT,0.0,0.0,0.0,WATCH_SLOW_UPTREND
2026-05-14 22:00:00+00:00,HOLD,FLAT,0.0,0.0,0.0,WATCH_SLOW_UPTREND
2026-05-14 23:00:00+00:00,HOLD,FLAT,0.0,0.0,0.0,WATCH_SLOW_UPTREND
2026-05-15 00:00:00+00:00,HOLD,FLAT,0.0,0.0,0.0,WATCH_SLOW_UPTREND
2026-05-15 01:00:00+00:00,HOLD,FLAT,0.0,0.0,0.0,WATCH_SLOW_UPTREND
2026-05-15 02:00:00+00:00,HOLD,FLAT,0.0,0.0,0.0,WATCH_SLOW_UPTREND
2026-05-15 03:00:00+00:00,HOLD,FLAT,0.0,0.0,0.0,WATCH_SLOW_UPTREND
2026-05-15 04:00:00+00:00,HOLD,FLAT,0.0,0.0,0.0,WATCH_SLOW_UPTREND
2026-05-15 05:00:00+00:00,HOLD,FLAT,0.0,0.0,0.0,WATCH_SLOW_UPTREND
2026-05-15 06:00:00+00:00,HOLD,FLAT,0.0,0.0,0.0,HOLD_NO_ENTRY
2026-05-15 07:00:00+00:00,HOLD,FLAT,0.0,0.0,0.0,WATCH_SLOW_UPTREND
2026-05-15 08:00:00+00:00,HOLD,FLAT,0.0,0.0,0.0,WATCH_SLOW_UPTREND
2026-05-15 09:00:00+00:00,HOLD,FLAT,0.0,0.0,0.0,WATCH_SLOW_UPTREND
2026-05-15 10:00:00+00:00,HOLD,FLAT,0.0,0.0,0.0,WATCH_SLOW_UPTREND
2026-05-15 11:00:00+00:00,HOLD,FLAT,0.0,0.0,0.0,WATCH_SLOW_UPTREND
2026-05-15 12:00:00+00:00,HOLD,FLAT,0.0,0.0,0.0,WATCH_SLOW_UPTREND
2026-05-15 13:00:00+00:00,HOLD,FLAT,0.0,0.0,0.0,HOLD_NO_ENTRY
2026-05-15 14:00:00+00:00,HOLD,FLAT,0.0,0.0,0.0,HOLD_NO_ENTRY
2026-05-15 15:00:00+00:00,HOLD,FLAT,0.0,0.0,0.0,HOLD_NO_ENTRY
2026-05-15 16:00:00+00:00,HOLD,FLAT,0.0,0.0,0.0,HOLD_NO_ENTRY
2026-05-15 17:00:00+00:00,HOLD,FLAT,0.0,0.0,0.0,HOLD_NO_ENTRY
2026-05-15 18:00:00+00:00,HOLD,FLAT,0.0,0.0,0.0,HOLD_NO_ENTRY
2026-05-15 19:00:00+00:00,HOLD,FLAT,0.0,0.0,0.0,HOLD_NO_ENTRY
2026-05-15 20:00:00+00:00,HOLD,FLAT,0.0,0.0,0.0,HOLD_NO_ENTRY
2026-05-15 21:00:00+00:00,HOLD,FLAT,0.0,0.0,0.0,HOLD_NO_ENTRY
2026-05-15 22:00:00+00:00,OPEN_SHORT,SHORT,0.048,0.96,0.048,OPEN_SHORT_TREND_QUALIFIED
2026-05-15 23:00:00+00:00,HOLD,SHORT,0.061234387755393985,1.2246877551078796,0.061234387755393985,HOLD_TREND_CONTINUATION
2026-05-16 00:00:00+00:00,HOLD,SHORT,0.05778174996376038,1.1556349992752075,0.05778174996376038,HOLD_TREND_CONTINUATION
2026-05-16 01:00:00+00:00,REDUCE,SHORT,0.03192,0.6384,0.03192,REDUCE_TREND_EXHAUSTION
2026-05-16 02:00:00+00:00,HOLD,SHORT,0.04031990855932236,0.8063981711864472,0.04031990855932236,HOLD_TREND_CONTINUATION
2026-05-16 03:00:00+00:00,HOLD,SHORT,0.03765961319208145,0.753192263841629,0.03765961319208145,HOLD_TREND_CONTINUATION
2026-05-16 04:00:00+00:00,HOLD,SHORT,0.05472182780504227,1.0944365561008453,0.05472182780504227,HOLD_TREND_CONTINUATION
2026-05-16 05:00:00+00:00,HOLD,SHORT,0.05550026744604111,1.1100053489208221,0.05550026744604111,HOLD_TREND_CONTINUATION
2026-05-16 06:00:00+00:00,HOLD,SHORT,0.0546546071767807,1.093092143535614,0.0546546071767807,HOLD_TREND_CONTINUATION
2026-05-16 07:00:00+00:00,HOLD,SHORT,0.053538911044597626,1.0707782208919525,0.053538911044597626,HOLD_TREND_CONTINUATION
2026-05-16 08:00:00+00:00,HOLD,SHORT,0.05330790579319,1.0661581158638,0.05330790579319,HOLD_TREND_CONTINUATION
2026-05-16 09:00:00+00:00,HOLD,SHORT,0.05364813953638077,1.0729627907276154,0.05364813953638077,HOLD_TREND_CONTINUATION
2026-05-16 10:00:00+00:00,HOLD,SHORT,0.0,0.0,0.0,HOLD_TREND_CONTINUATION
2026-05-16 11:00:00+00:00,HOLD,SHORT,0.0,0.0,0.0,HOLD_TREND_CONTINUATION
2026-05-16 12:00:00+00:00,HOLD,SHORT,0.0,0.0,0.0,HOLD_TREND_CONTINUATION
2026-05-16 13:00:00+00:00,HOLD,SHORT,0.0,0.0,0.0,HOLD_TREND_CONTINUATION
2026-05-16 14:00:00+00:00,HOLD,SHORT,0.0,0.0,0.0,HOLD_TREND_CONTINUATION
2026-05-16 15:00:00+00:00,HOLD,SHORT,0.0,0.0,0.0,HOLD_TREND_CONTINUATION
2026-05-16 16:00:00+00:00,HOLD,SHORT,0.0,0.0,0.0,HOLD_TREND_CONTINUATION
2026-05-16 17:00:00+00:00,HOLD,SHORT,0.0,0.0,0.0,HOLD_TREND_CONTINUATION
2026-05-16 18:00:00+00:00,HOLD,SHORT,0.0,0.0,0.0,HOLD_TREND_CONTINUATION
2026-05-16 19:00:00+00:00,HOLD,SHORT,0.03630399346351624,0.7260798692703248,0.03630399346351624,HOLD_TREND_CONTINUATION
2026-05-16 20:00:00+00:00,HOLD,SHORT,0.05066443234682083,1.0132886469364166,0.05066443234682083,HOLD_TREND_CONTINUATION
2026-05-16 21:00:00+00:00,HOLD,SHORT,0.03530932575464248,0.7061865150928497,0.03530932575464248,HOLD_TREND_CONTINUATION
2026-05-16 22:00:00+00:00,HOLD,SHORT,0.03548931047320366,0.7097862094640732,0.03548931047320366,HOLD_TREND_CONTINUATION
2026-05-16 23:00:00+00:00,HOLD,SHORT,0.05016315430402756,1.0032630860805511,0.05016315430402756,HOLD_TREND_CONTINUATION
2026-05-17 00:00:00+00:00,HOLD,SHORT,0.05153147429227829,1.0306294858455658,0.05153147429227829,HOLD_TREND_CONTINUATION
2026-05-17 01:00:00+00:00,HOLD,SHORT,0.05027688443660736,1.0055376887321472,0.05027688443660736,HOLD_TREND_CONTINUATION
2026-05-17 02:00:00+00:00,HOLD,SHORT,0.05287548452615738,1.0575096905231476,0.05287548452615738,HOLD_TREND_CONTINUATION
2026-05-17 03:00:00+00:00,HOLD,SHORT,0.05257135778665543,1.0514271557331085,0.05257135778665543,HOLD_TREND_CONTINUATION
2026-05-17 04:00:00+00:00,HOLD,SHORT,0.05296828448772431,1.059365689754486,0.05296828448772431,HOLD_TREND_CONTINUATION
2026-05-17 05:00:00+00:00,HOLD,SHORT,0.03704902574419976,0.7409805148839952,0.03704902574419976,HOLD_TREND_CONTINUATION
2026-05-17 06:00:00+00:00,HOLD,SHORT,0.03507346212863922,0.7014692425727843,0.03507346212863922,HOLD_TREND_CONTINUATION
2026-05-17 07:00:00+00:00,HOLD,SHORT,0.03537979632616043,0.7075959265232086,0.03537979632616043,HOLD_TREND_CONTINUATION
2026-05-17 08:00:00+00:00,CLOSE,FLAT,0.0,0.0,0.0,CLOSE_TREND_EXIT_CONFIRMED
2026-05-17 09:00:00+00:00,HOLD,FLAT,0.0,0.0,0.0,HOLD_NO_ENTRY
2026-05-17 10:00:00+00:00,HOLD,FLAT,0.0,0.0,0.0,HOLD_NO_ENTRY
2026-05-17 11:00:00+00:00,HOLD,FLAT,0.0,0.0,0.0,HOLD_NO_ENTRY
2026-05-17 12:00:00+00:00,HOLD,FLAT,0.0,0.0,0.0,HOLD_NO_ENTRY
2026-05-17 13:00:00+00:00,HOLD,FLAT,0.0,0.0,0.0,HOLD_NO_ENTRY
2026-05-17 14:00:00+00:00,HOLD,FLAT,0.0,0.0,0.0,HOLD_NO_ENTRY
2026-05-17 15:00:00+00:00,HOLD,FLAT,0.0,0.0,0.0,HOLD_NO_ENTRY
2026-05-17 16:00:00+00:00,HOLD,FLAT,0.0,0.0,0.0,HOLD_NO_ENTRY
2026-05-17 17:00:00+00:00,HOLD,FLAT,0.0,0.0,0.0,HOLD_NO_ENTRY
2026-05-17 18:00:00+00:00,HOLD,FLAT,0.0,0.0,0.0,HOLD_NO_ENTRY
2026-05-17 19:00:00+00:00,HOLD,FLAT,0.0,0.0,0.0,HOLD_NO_ENTRY
2026-05-17 20:00:00+00:00,HOLD,FLAT,0.0,0.0,0.0,HOLD_NO_ENTRY
2026-05-17 21:00:00+00:00,HOLD,FLAT,0.0,0.0,0.0,HOLD_NO_ENTRY
2026-05-17 22:00:00+00:00,HOLD,FLAT,0.0,0.0,0.0,HOLD_NO_ENTRY
2026-05-17 23:00:00+00:00,HOLD,FLAT,0.0,0.0,0.0,HOLD_NO_ENTRY
2026-05-18 00:00:00+00:00,HOLD,FLAT,0.0,0.0,0.0,HOLD_NO_ENTRY
2026-05-18 01:00:00+00:00,HOLD,FLAT,0.0,0.0,0.0,HOLD_NO_ENTRY
2026-05-18 02:00:00+00:00,OPEN_SHORT,SHORT,0.06,1.2,0.06,OPEN_SHORT_CRASH
2026-05-18 03:00:00+00:00,HOLD,SHORT,0.052234391868114474,1.0446878373622894,0.052234391868114474,HOLD_SHORT_REVERSE_WAIT_CONFIRM
2026-05-18 04:00:00+00:00,HOLD,SHORT,0.05178613215684891,1.0357226431369781,0.05178613215684891,HOLD_SHORT_REVERSE_WAIT_CONFIRM
2026-05-18 05:00:00+00:00,HOLD,SHORT,0.05267368853092194,1.0534737706184387,0.05267368853092194,HOLD_SHORT_REVERSE_WAIT_CONFIRM
2026-05-18 06:00:00+00:00,HOLD,SHORT,0.06632970750331879,1.3265941500663758,0.06632970750331879,HOLD_CRASH_TREND_CONFIRMING
2026-05-18 07:00:00+00:00,HOLD,SHORT,0.06471854209899902,1.2943708419799804,0.06471854209899902,HOLD_CRASH_TREND_CONFIRMING
2026-05-18 08:00:00+00:00,HOLD,SHORT,0.06739897012710572,1.3479794025421143,0.06739897012710572,HOLD_CRASH_TREND_CONFIRMING
2026-05-18 09:00:00+00:00,HOLD,SHORT,0.06649565041065217,1.3299130082130435,0.06649565041065217,HOLD_CRASH_TREND_CONFIRMING
2026-05-18 10:00:00+00:00,HOLD,SHORT,0.06550106585025788,1.3100213170051576,0.06550106585025788,HOLD_CRASH_TREND_CONFIRMING
2026-05-18 11:00:00+00:00,HOLD,SHORT,0.06545292556285859,1.3090585112571718,0.06545292556285859,HOLD_CRASH_TREND_CONFIRMING
2026-05-18 12:00:00+00:00,CLOSE,FLAT,0.0,0.0,0.0,CLOSE_REVERSE_SIGNAL
2026-05-18 13:00:00+00:00,HOLD,FLAT,0.0,0.0,0.0,HOLD_NO_ENTRY
2026-05-18 14:00:00+00:00,OPEN_SHORT,SHORT,0.048,0.96,0.048,OPEN_SHORT_TREND_QUALIFIED
2026-05-18 15:00:00+00:00,HOLD,SHORT,0.06376599848270416,1.2753199696540831,0.06376599848270416,HOLD_TREND_CONTINUATION
2026-05-18 16:00:00+00:00,HOLD,SHORT,0.0637016361951828,1.2740327239036562,0.0637016361951828,HOLD_TREND_PULLBACK
2026-05-18 17:00:00+00:00,HOLD,SHORT,0.06367201924324035,1.273440384864807,0.06367201924324035,HOLD_TREND_CONTINUATION
2026-05-18 18:00:00+00:00,HOLD,SHORT,0.052095516026020056,1.041910320520401,0.052095516026020056,HOLD_TREND_CONTINUATION
2026-05-18 19:00:00+00:00,HOLD,SHORT,0.061158086657524105,1.223161733150482,0.061158086657524105,HOLD_TREND_CONTINUATION
2026-05-18 20:00:00+00:00,REDUCE,SHORT,0.0456,0.912,0.0456,REDUCE_TREND_EXHAUSTION
2026-05-18 21:00:00+00:00,HOLD,SHORT,0.05159472078084946,1.0318944156169891,0.05159472078084946,HOLD_TREND_CONTINUATION
2026-05-18 22:00:00+00:00,CLOSE,FLAT,0.0,0.0,0.0,CLOSE_TREND_EXIT_CONFIRMED
2026-05-18 23:00:00+00:00,HOLD,FLAT,0.0,0.0,0.0,HOLD_NO_ENTRY
2026-05-19 00:00:00+00:00,HOLD,FLAT,0.0,0.0,0.0,HOLD_NO_ENTRY
2026-05-19 01:00:00+00:00,HOLD,FLAT,0.0,0.0,0.0,HOLD_NO_ENTRY
2026-05-19 02:00:00+00:00,HOLD,FLAT,0.0,0.0,0.0,HOLD_NO_ENTRY
2026-05-19 03:00:00+00:00,HOLD,FLAT,0.0,0.0,0.0,HOLD_NO_ENTRY
2026-05-19 04:00:00+00:00,HOLD,FLAT,0.0,0.0,0.0,HOLD_NO_ENTRY
2026-05-19 05:00:00+00:00,HOLD,FLAT,0.0,0.0,0.0,HOLD_NO_ENTRY
2026-05-19 06:00:00+00:00,HOLD,FLAT,0.0,0.0,0.0,HOLD_NO_ENTRY
2026-05-19 07:00:00+00:00,HOLD,FLAT,0.0,0.0,0.0,HOLD_NO_ENTRY
2026-05-19 08:00:00+00:00,HOLD,FLAT,0.0,0.0,0.0,HOLD_NO_ENTRY
2026-05-19 09:00:00+00:00,HOLD,FLAT,0.0,0.0,0.0,HOLD_NO_ENTRY
2026-05-19 10:00:00+00:00,HOLD,FLAT,0.0,0.0,0.0,HOLD_NO_ENTRY
2026-05-19 11:00:00+00:00,HOLD,FLAT,0.0,0.0,0.0,HOLD_NO_ENTRY
2026-05-19 12:00:00+00:00,HOLD,FLAT,0.0,0.0,0.0,HOLD_NO_ENTRY
2026-05-19 13:00:00+00:00,HOLD,FLAT,0.0,0.0,0.0,HOLD_NO_ENTRY
2026-05-19 14:00:00+00:00,HOLD,FLAT,0.0,0.0,0.0,HOLD_NO_ENTRY
2026-05-19 15:00:00+00:00,HOLD,FLAT,0.0,0.0,0.0,HOLD_NO_ENTRY
2026-05-19 16:00:00+00:00,HOLD,FLAT,0.0,0.0,0.0,HOLD_NO_ENTRY
2026-05-19 17:00:00+00:00,HOLD,FLAT,0.0,0.0,0.0,HOLD_NO_ENTRY
2026-05-19 18:00:00+00:00,HOLD,FLAT,0.0,0.0,0.0,HOLD_NO_ENTRY
2026-05-19 19:00:00+00:00,HOLD,FLAT,0.0,0.0,0.0,HOLD_NO_ENTRY
2026-05-19 20:00:00+00:00,HOLD,FLAT,0.0,0.0,0.0,HOLD_NO_ENTRY
2026-05-19 21:00:00+00:00,HOLD,FLAT,0.0,0.0,0.0,HOLD_NO_ENTRY
2026-05-19 22:00:00+00:00,HOLD,FLAT,0.0,0.0,0.0,HOLD_NO_ENTRY
2026-05-19 23:00:00+00:00,HOLD,FLAT,0.0,0.0,0.0,HOLD_NO_ENTRY
2026-05-20 00:00:00+00:00,HOLD,FLAT,0.0,0.0,0.0,HOLD_NO_ENTRY
2026-05-20 01:00:00+00:00,HOLD,FLAT,0.0,0.0,0.0,HOLD_NO_ENTRY
2026-05-20 02:00:00+00:00,HOLD,FLAT,0.0,0.0,0.0,HOLD_NO_ENTRY
2026-05-20 03:00:00+00:00,HOLD,FLAT,0.0,0.0,0.0,HOLD_NO_ENTRY
2026-05-20 04:00:00+00:00,HOLD,FLAT,0.0,0.0,0.0,HOLD_NO_ENTRY
2026-05-20 05:00:00+00:00,HOLD,FLAT,0.0,0.0,0.0,HOLD_NO_ENTRY
2026-05-20 06:00:00+00:00,HOLD,FLAT,0.0,0.0,0.0,HOLD_NO_ENTRY
2026-05-20 07:00:00+00:00,HOLD,FLAT,0.0,0.0,0.0,WATCH_SLOW_UPTREND
2026-05-20 08:00:00+00:00,HOLD,FLAT,0.0,0.0,0.0,WATCH_SLOW_UPTREND
2026-05-20 09:00:00+00:00,HOLD,FLAT,0.0,0.0,0.0,WATCH_SLOW_UPTREND
2026-05-20 10:00:00+00:00,HOLD,FLAT,0.0,0.0,0.0,WATCH_SLOW_UPTREND
2026-05-20 11:00:00+00:00,HOLD,FLAT,0.0,0.0,0.0,WATCH_SLOW_UPTREND
2026-05-20 12:00:00+00:00,HOLD,FLAT,0.0,0.0,0.0,WATCH_SLOW_UPTREND
2026-05-20 13:00:00+00:00,HOLD,FLAT,0.0,0.0,0.0,WATCH_SLOW_UPTREND
2026-05-20 14:00:00+00:00,HOLD,FLAT,0.0,0.0,0.0,HOLD_NO_ENTRY
2026-05-20 15:00:00+00:00,HOLD,FLAT,0.0,0.0,0.0,WATCH_SLOW_UPTREND
2026-05-20 16:00:00+00:00,HOLD,FLAT,0.0,0.0,0.0,WATCH_SLOW_UPTREND
2026-05-20 17:00:00+00:00,HOLD,FLAT,0.0,0.0,0.0,WATCH_SLOW_UPTREND
2026-05-20 18:00:00+00:00,HOLD,FLAT,0.0,0.0,0.0,WATCH_SLOW_UPTREND
2026-05-20 19:00:00+00:00,HOLD,FLAT,0.0,0.0,0.0,WATCH_SLOW_UPTREND
2026-05-20 20:00:00+00:00,HOLD,FLAT,0.0,0.0,0.0,WATCH_SLOW_UPTREND
2026-05-20 21:00:00+00:00,HOLD,FLAT,0.0,0.0,0.0,WATCH_SLOW_UPTREND
2026-05-20 22:00:00+00:00,HOLD,FLAT,0.0,0.0,0.0,WATCH_SLOW_UPTREND
2026-05-20 23:00:00+00:00,HOLD,FLAT,0.0,0.0,0.0,WATCH_SLOW_UPTREND
2026-05-21 00:00:00+00:00,HOLD,FLAT,0.0,0.0,0.0,WATCH_SLOW_UPTREND
2026-05-21 01:00:00+00:00,HOLD,FLAT,0.0,0.0,0.0,WATCH_SLOW_UPTREND
2026-05-21 02:00:00+00:00,HOLD,FLAT,0.0,0.0,0.0,WATCH_SLOW_UPTREND
2026-05-21 03:00:00+00:00,HOLD,FLAT,0.0,0.0,0.0,WATCH_SLOW_UPTREND
2026-05-21 04:00:00+00:00,HOLD,FLAT,0.0,0.0,0.0,WATCH_SLOW_UPTREND
2026-05-21 05:00:00+00:00,HOLD,FLAT,0.0,0.0,0.0,WATCH_SLOW_UPTREND
2026-05-21 06:00:00+00:00,HOLD,FLAT,0.0,0.0,0.0,WATCH_SLOW_UPTREND
2026-05-21 07:00:00+00:00,HOLD,FLAT,0.0,0.0,0.0,WATCH_SLOW_UPTREND
2026-05-21 08:00:00+00:00,HOLD,FLAT,0.0,0.0,0.0,WATCH_SLOW_UPTREND
2026-05-21 09:00:00+00:00,HOLD,FLAT,0.0,0.0,0.0,WATCH_SLOW_UPTREND
2026-05-21 10:00:00+00:00,HOLD,FLAT,0.0,0.0,0.0,WATCH_SLOW_UPTREND
2026-05-21 11:00:00+00:00,HOLD,FLAT,0.0,0.0,0.0,HOLD_NO_ENTRY
2026-05-21 12:00:00+00:00,HOLD,FLAT,0.0,0.0,0.0,HOLD_NO_ENTRY
2026-05-21 13:00:00+00:00,HOLD,FLAT,0.0,0.0,0.0,WATCH_SLOW_UPTREND
2026-05-21 14:00:00+00:00,HOLD,FLAT,0.0,0.0,0.0,HOLD_NO_ENTRY
2026-05-21 15:00:00+00:00,HOLD,FLAT,0.0,0.0,0.0,HOLD_NO_ENTRY
2026-05-21 16:00:00+00:00,HOLD,FLAT,0.0,0.0,0.0,HOLD_NO_ENTRY
2026-05-21 17:00:00+00:00,HOLD,FLAT,0.0,0.0,0.0,HOLD_NO_ENTRY
2026-05-21 18:00:00+00:00,HOLD,FLAT,0.0,0.0,0.0,HOLD_NO_ENTRY
2026-05-21 19:00:00+00:00,HOLD,FLAT,0.0,0.0,0.0,HOLD_NO_ENTRY
2026-05-21 20:00:00+00:00,HOLD,FLAT,0.0,0.0,0.0,HOLD_NO_ENTRY
2026-05-21 21:00:00+00:00,HOLD,FLAT,0.0,0.0,0.0,WATCH_SLOW_UPTREND
2026-05-21 22:00:00+00:00,HOLD,FLAT,0.0,0.0,0.0,WATCH_SLOW_UPTREND
2026-05-21 23:00:00+00:00,HOLD,FLAT,0.0,0.0,0.0,WATCH_SLOW_UPTREND
2026-05-22 00:00:00+00:00,HOLD,FLAT,0.0,0.0,0.0,WATCH_SLOW_UPTREND
2026-05-22 01:00:00+00:00,HOLD,FLAT,0.0,0.0,0.0,WATCH_SLOW_UPTREND
2026-05-22 02:00:00+00:00,HOLD,FLAT,0.0,0.0,0.0,WATCH_SLOW_UPTREND
2026-05-22 03:00:00+00:00,HOLD,FLAT,0.0,0.0,0.0,WATCH_SLOW_UPTREND
2026-05-22 04:00:00+00:00,HOLD,FLAT,0.0,0.0,0.0,WATCH_SLOW_UPTREND
2026-05-22 05:00:00+00:00,HOLD,FLAT,0.0,0.0,0.0,WATCH_SLOW_UPTREND
2026-05-22 06:00:00+00:00,HOLD,FLAT,0.0,0.0,0.0,HOLD_NO_ENTRY
2026-05-22 07:00:00+00:00,HOLD,FLAT,0.0,0.0,0.0,HOLD_NO_ENTRY
2026-05-22 08:00:00+00:00,HOLD,FLAT,0.0,0.0,0.0,HOLD_NO_ENTRY
2026-05-22 09:00:00+00:00,HOLD,FLAT,0.0,0.0,0.0,HOLD_NO_ENTRY
2026-05-22 10:00:00+00:00,HOLD,FLAT,0.0,0.0,0.0,HOLD_NO_ENTRY
2026-05-22 11:00:00+00:00,HOLD,FLAT,0.0,0.0,0.0,HOLD_NO_ENTRY
2026-05-22 12:00:00+00:00,HOLD,FLAT,0.0,0.0,0.0,HOLD_NO_ENTRY
2026-05-22 13:00:00+00:00,HOLD,FLAT,0.0,0.0,0.0,HOLD_NO_ENTRY
2026-05-22 14:00:00+00:00,HOLD,FLAT,0.0,0.0,0.0,HOLD_NO_ENTRY
2026-05-22 15:00:00+00:00,HOLD,FLAT,0.0,0.0,0.0,HOLD_NO_ENTRY
2026-05-22 16:00:00+00:00,HOLD,FLAT,0.0,0.0,0.0,HOLD_NO_ENTRY
2026-05-22 17:00:00+00:00,HOLD,FLAT,0.0,0.0,0.0,HOLD_NO_ENTRY
2026-05-22 18:00:00+00:00,HOLD,FLAT,0.0,0.0,0.0,HOLD_NO_ENTRY
2026-05-22 19:00:00+00:00,HOLD,FLAT,0.0,0.0,0.0,HOLD_NO_ENTRY
2026-05-22 20:00:00+00:00,OPEN_SHORT,SHORT,0.048,0.96,0.048,OPEN_SHORT_TREND_QUALIFIED
2026-05-22 21:00:00+00:00,HOLD,SHORT,0.06353262484073639,1.270652496814728,0.06353262484073639,HOLD_TREND_CONTINUATION
2026-05-22 22:00:00+00:00,HOLD,SHORT,0.06403089880943298,1.2806179761886596,0.06403089880943298,HOLD_TREND_CONTINUATION
2026-05-22 23:00:00+00:00,HOLD,SHORT,0.06486539304256439,1.2973078608512878,0.06486539304256439,HOLD_TREND_CONTINUATION
2026-05-23 00:00:00+00:00,HOLD,SHORT,0.06362487673759461,1.272497534751892,0.06362487673759461,HOLD_TREND_CONTINUATION
2026-05-23 01:00:00+00:00,HOLD,SHORT,0.0640092694759369,1.2801853895187378,0.0640092694759369,HOLD_TREND_CONTINUATION
2026-05-23 02:00:00+00:00,HOLD,SHORT,0.06384208738803863,1.2768417477607727,0.06384208738803863,HOLD_TREND_CONTINUATION
2026-05-23 03:00:00+00:00,HOLD,SHORT,0.0632945466041565,1.26589093208313,0.0632945466041565,HOLD_TREND_CONTINUATION
2026-05-23 04:00:00+00:00,HOLD,SHORT,0.06236590147018432,1.2473180294036865,0.06236590147018432,HOLD_TREND_CONTINUATION
2026-05-23 05:00:00+00:00,HOLD,SHORT,0.06256391823291779,1.2512783646583558,0.06256391823291779,HOLD_TREND_CONTINUATION
2026-05-23 06:00:00+00:00,HOLD,SHORT,0.06372746050357819,1.2745492100715639,0.06372746050357819,HOLD_TREND_CONTINUATION
2026-05-23 07:00:00+00:00,HOLD,SHORT,0.06368129432201386,1.2736258864402772,0.06368129432201386,HOLD_TREND_PULLBACK
2026-05-23 08:00:00+00:00,HOLD,SHORT,0.0631510215997696,1.263020431995392,0.0631510215997696,HOLD_TREND_CONTINUATION
2026-05-23 09:00:00+00:00,REDUCE,SHORT,0.05472,1.0944,0.05472,REDUCE_TREND_EXHAUSTION
2026-05-23 10:00:00+00:00,HOLD,SHORT,0.06440564632415771,1.2881129264831541,0.06440564632415771,HOLD_TREND_CONTINUATION
2026-05-23 11:00:00+00:00,HOLD,SHORT,0.06496188282966614,1.2992376565933228,0.06496188282966614,HOLD_TREND_CONTINUATION
2026-05-23 12:00:00+00:00,HOLD,SHORT,0.06497039079666138,1.2994078159332276,0.06497039079666138,HOLD_TREND_CONTINUATION
2026-05-23 13:00:00+00:00,HOLD,SHORT,0.06415121734142304,1.2830243468284608,0.06415121734142304,HOLD_TREND_CONTINUATION
2026-05-23 14:00:00+00:00,HOLD,SHORT,0.06280154049396515,1.256030809879303,0.06280154049396515,HOLD_TREND_CONTINUATION
2026-05-23 15:00:00+00:00,HOLD,SHORT,0.06002824366092682,1.2005648732185366,0.06002824366092682,HOLD_TREND_CONTINUATION
2026-05-23 16:00:00+00:00,CLOSE,FLAT,0.0,0.0,0.0,CLOSE_TREND_EXIT_CONFIRMED
2026-05-23 17:00:00+00:00,HOLD,FLAT,0.0,0.0,0.0,HOLD_NO_ENTRY
2026-05-23 18:00:00+00:00,HOLD,FLAT,0.0,0.0,0.0,HOLD_NO_ENTRY
2026-05-23 19:00:00+00:00,HOLD,FLAT,0.0,0.0,0.0,HOLD_NO_ENTRY
2026-05-23 20:00:00+00:00,HOLD,FLAT,0.0,0.0,0.0,HOLD_NO_ENTRY
2026-05-23 21:00:00+00:00,HOLD,FLAT,0.0,0.0,0.0,WATCH_SLOW_UPTREND
2026-05-23 22:00:00+00:00,HOLD,FLAT,0.0,0.0,0.0,WATCH_SLOW_UPTREND
2026-05-23 23:00:00+00:00,HOLD,FLAT,0.0,0.0,0.0,WATCH_SLOW_UPTREND
2026-05-24 00:00:00+00:00,HOLD,FLAT,0.0,0.0,0.0,WATCH_SLOW_UPTREND
2026-05-24 01:00:00+00:00,HOLD,FLAT,0.0,0.0,0.0,WATCH_SLOW_UPTREND
2026-05-24 02:00:00+00:00,HOLD,FLAT,0.0,0.0,0.0,WATCH_SLOW_UPTREND
2026-05-24 03:00:00+00:00,HOLD,FLAT,0.0,0.0,0.0,WATCH_SLOW_UPTREND
2026-05-24 04:00:00+00:00,HOLD,FLAT,0.0,0.0,0.0,WATCH_SLOW_UPTREND
2026-05-24 05:00:00+00:00,HOLD,FLAT,0.0,0.0,0.0,WATCH_SLOW_UPTREND
2026-05-24 06:00:00+00:00,HOLD,FLAT,0.0,0.0,0.0,WATCH_SLOW_UPTREND
2026-05-24 07:00:00+00:00,HOLD,FLAT,0.0,0.0,0.0,WATCH_SLOW_UPTREND
2026-05-24 08:00:00+00:00,HOLD,FLAT,0.0,0.0,0.0,WATCH_SLOW_UPTREND
2026-05-24 09:00:00+00:00,HOLD,FLAT,0.0,0.0,0.0,WATCH_SLOW_UPTREND
2026-05-24 10:00:00+00:00,HOLD,FLAT,0.0,0.0,0.0,WATCH_SLOW_UPTREND
2026-05-24 11:00:00+00:00,HOLD,FLAT,0.0,0.0,0.0,WATCH_SLOW_UPTREND
2026-05-24 12:00:00+00:00,HOLD,FLAT,0.0,0.0,0.0,WATCH_SLOW_UPTREND
2026-05-24 13:00:00+00:00,HOLD,FLAT,0.0,0.0,0.0,WATCH_SLOW_UPTREND
2026-05-24 14:00:00+00:00,HOLD,FLAT,0.0,0.0,0.0,WATCH_SLOW_UPTREND
2026-05-24 15:00:00+00:00,HOLD,FLAT,0.0,0.0,0.0,HOLD_NO_ENTRY
2026-05-24 16:00:00+00:00,HOLD,FLAT,0.0,0.0,0.0,HOLD_NO_ENTRY
2026-05-24 17:00:00+00:00,HOLD,FLAT,0.0,0.0,0.0,WATCH_SLOW_UPTREND
2026-05-24 18:00:00+00:00,HOLD,FLAT,0.0,0.0,0.0,WATCH_SLOW_UPTREND
2026-05-24 19:00:00+00:00,HOLD,FLAT,0.0,0.0,0.0,WATCH_SLOW_UPTREND
2026-05-24 20:00:00+00:00,HOLD,FLAT,0.0,0.0,0.0,WATCH_SLOW_UPTREND
2026-05-24 21:00:00+00:00,HOLD,FLAT,0.0,0.0,0.0,WATCH_SLOW_UPTREND
2026-05-24 22:00:00+00:00,OPEN_LONG,LONG,0.040216737389564515,0.8043347477912903,0.040216737389564515,OPEN_LONG_SIGNAL
2026-05-24 23:00:00+00:00,ADD,LONG,0.048321793556213376,0.9664358711242675,0.048321793556213376,ADD_SIGNAL_CONFIRMED
2026-05-25 00:00:00+00:00,ADD,LONG,0.05309028983712196,1.0618057967424392,0.05309028983712196,ADD_SIGNAL_CONFIRMED
2026-05-25 01:00:00+00:00,HOLD,LONG,0.03781609728932381,0.7563219457864762,0.03781609728932381,HOLD_SIGNAL_VALID
2026-05-25 02:00:00+00:00,HOLD,LONG,0.03721426233649254,0.7442852467298509,0.03721426233649254,HOLD_SIGNAL_VALID
2026-05-25 03:00:00+00:00,HOLD,LONG,0.055133283138275146,1.102665662765503,0.055133283138275146,HOLD_SIGNAL_VALID
2026-05-25 04:00:00+00:00,HOLD,LONG,0.05458604097366333,1.0917208194732666,0.05458604097366333,HOLD_SIGNAL_VALID
2026-05-25 05:00:00+00:00,HOLD,LONG,0.05399565994739533,1.0799131989479065,0.05399565994739533,HOLD_SIGNAL_VALID
2026-05-25 06:00:00+00:00,CLOSE,FLAT,0.0,0.0,0.0,CLOSE_MAX_HOLD_BARS
2026-05-25 07:00:00+00:00,HOLD,FLAT,0.0,0.0,0.0,WATCH_SLOW_UPTREND
2026-05-25 08:00:00+00:00,HOLD,FLAT,0.0,0.0,0.0,WATCH_SLOW_UPTREND
2026-05-25 09:00:00+00:00,HOLD,FLAT,0.0,0.0,0.0,WATCH_SLOW_UPTREND
2026-05-25 10:00:00+00:00,HOLD,FLAT,0.0,0.0,0.0,WATCH_SLOW_UPTREND
2026-05-25 11:00:00+00:00,HOLD,FLAT,0.0,0.0,0.0,WATCH_SLOW_UPTREND
2026-05-25 12:00:00+00:00,HOLD,FLAT,0.0,0.0,0.0,WATCH_SLOW_UPTREND
2026-05-25 13:00:00+00:00,HOLD,FLAT,0.0,0.0,0.0,WATCH_SLOW_UPTREND
2026-05-25 14:00:00+00:00,HOLD,FLAT,0.0,0.0,0.0,WATCH_SLOW_UPTREND
2026-05-25 15:00:00+00:00,HOLD,FLAT,0.0,0.0,0.0,WATCH_SLOW_UPTREND
2026-05-25 16:00:00+00:00,HOLD,FLAT,0.0,0.0,0.0,WATCH_SLOW_UPTREND
2026-05-25 17:00:00+00:00,HOLD,FLAT,0.0,0.0,0.0,WATCH_SLOW_UPTREND
2026-05-25 18:00:00+00:00,HOLD,FLAT,0.0,0.0,0.0,WATCH_SLOW_UPTREND
2026-05-25 19:00:00+00:00,HOLD,FLAT,0.0,0.0,0.0,WATCH_SLOW_UPTREND
2026-05-25 20:00:00+00:00,HOLD,FLAT,0.0,0.0,0.0,WATCH_SLOW_UPTREND
2026-05-25 21:00:00+00:00,HOLD,FLAT,0.0,0.0,0.0,WATCH_SLOW_UPTREND
2026-05-25 22:00:00+00:00,HOLD,FLAT,0.0,0.0,0.0,WATCH_SLOW_UPTREND
2026-05-25 23:00:00+00:00,HOLD,FLAT,0.0,0.0,0.0,HOLD_NO_ENTRY
2026-05-26 00:00:00+00:00,HOLD,FLAT,0.0,0.0,0.0,WATCH_SLOW_UPTREND
2026-05-26 01:00:00+00:00,HOLD,FLAT,0.0,0.0,0.0,HOLD_NO_ENTRY
2026-05-26 02:00:00+00:00,HOLD,FLAT,0.0,0.0,0.0,HOLD_NO_ENTRY
2026-05-26 03:00:00+00:00,HOLD,FLAT,0.0,0.0,0.0,HOLD_NO_ENTRY
2026-05-26 04:00:00+00:00,HOLD,FLAT,0.0,0.0,0.0,HOLD_NO_ENTRY
2026-05-26 05:00:00+00:00,HOLD,FLAT,0.0,0.0,0.0,HOLD_NO_ENTRY
2026-05-26 06:00:00+00:00,HOLD,FLAT,0.0,0.0,0.0,HOLD_NO_ENTRY
2026-05-26 07:00:00+00:00,HOLD,FLAT,0.0,0.0,0.0,HOLD_NO_ENTRY
2026-05-26 08:00:00+00:00,HOLD,FLAT,0.0,0.0,0.0,HOLD_NO_ENTRY
2026-05-26 09:00:00+00:00,HOLD,FLAT,0.0,0.0,0.0,HOLD_NO_ENTRY
2026-05-26 10:00:00+00:00,HOLD,FLAT,0.0,0.0,0.0,HOLD_NO_ENTRY
2026-05-26 11:00:00+00:00,HOLD,FLAT,0.0,0.0,0.0,HOLD_NO_ENTRY
2026-05-26 12:00:00+00:00,HOLD,FLAT,0.0,0.0,0.0,HOLD_NO_ENTRY
2026-05-26 13:00:00+00:00,HOLD,FLAT,0.0,0.0,0.0,HOLD_NO_ENTRY
2026-05-26 14:00:00+00:00,HOLD,FLAT,0.0,0.0,0.0,HOLD_NO_ENTRY
2026-05-26 15:00:00+00:00,HOLD,FLAT,0.0,0.0,0.0,HOLD_NO_ENTRY
2026-05-26 16:00:00+00:00,HOLD,FLAT,0.0,0.0,0.0,HOLD_NO_ENTRY
2026-05-26 17:00:00+00:00,HOLD,FLAT,0.0,0.0,0.0,HOLD_NO_ENTRY
2026-05-26 18:00:00+00:00,HOLD,FLAT,0.0,0.0,0.0,HOLD_NO_ENTRY
2026-05-26 19:00:00+00:00,HOLD,FLAT,0.0,0.0,0.0,HOLD_NO_ENTRY
2026-05-26 20:00:00+00:00,HOLD,FLAT,0.0,0.0,0.0,HOLD_NO_ENTRY
2026-05-26 21:00:00+00:00,HOLD,FLAT,0.0,0.0,0.0,HOLD_NO_ENTRY
2026-05-26 22:00:00+00:00,HOLD,FLAT,0.0,0.0,0.0,HOLD_NO_ENTRY
2026-05-26 23:00:00+00:00,HOLD,FLAT,0.0,0.0,0.0,HOLD_NO_ENTRY
2026-05-27 00:00:00+00:00,HOLD,FLAT,0.0,0.0,0.0,HOLD_NO_ENTRY
2026-05-27 01:00:00+00:00,HOLD,FLAT,0.0,0.0,0.0,HOLD_NO_ENTRY
2026-05-27 02:00:00+00:00,HOLD,FLAT,0.0,0.0,0.0,HOLD_NO_ENTRY
2026-05-27 03:00:00+00:00,HOLD,FLAT,0.0,0.0,0.0,HOLD_NO_ENTRY
2026-05-27 04:00:00+00:00,HOLD,FLAT,0.0,0.0,0.0,HOLD_NO_ENTRY
2026-05-27 05:00:00+00:00,HOLD,FLAT,0.0,0.0,0.0,HOLD_NO_ENTRY
2026-05-27 06:00:00+00:00,HOLD,FLAT,0.0,0.0,0.0,HOLD_NO_ENTRY
2026-05-27 07:00:00+00:00,HOLD,FLAT,0.0,0.0,0.0,HOLD_NO_ENTRY
2026-05-27 08:00:00+00:00,HOLD,FLAT,0.0,0.0,0.0,HOLD_NO_ENTRY
2026-05-27 09:00:00+00:00,HOLD,FLAT,0.0,0.0,0.0,HOLD_NO_ENTRY
2026-05-27 10:00:00+00:00,HOLD,FLAT,0.0,0.0,0.0,HOLD_NO_ENTRY
2026-05-27 11:00:00+00:00,HOLD,FLAT,0.0,0.0,0.0,HOLD_NO_ENTRY
2026-05-27 12:00:00+00:00,HOLD,FLAT,0.0,0.0,0.0,HOLD_NO_ENTRY
2026-05-27 13:00:00+00:00,HOLD,FLAT,0.0,0.0,0.0,HOLD_NO_ENTRY
2026-05-27 14:00:00+00:00,HOLD,FLAT,0.0,0.0,0.0,HOLD_NO_ENTRY
2026-05-27 15:00:00+00:00,HOLD,FLAT,0.0,0.0,0.0,HOLD_NO_ENTRY
2026-05-27 16:00:00+00:00,HOLD,FLAT,0.0,0.0,0.0,HOLD_NO_ENTRY
2026-05-27 17:00:00+00:00,HOLD,FLAT,0.0,0.0,0.0,HOLD_NO_ENTRY
2026-05-27 18:00:00+00:00,HOLD,FLAT,0.0,0.0,0.0,HOLD_NO_ENTRY
2026-05-27 19:00:00+00:00,HOLD,FLAT,0.0,0.0,0.0,HOLD_NO_ENTRY
2026-05-27 20:00:00+00:00,HOLD,FLAT,0.0,0.0,0.0,HOLD_NO_ENTRY
2026-05-27 21:00:00+00:00,HOLD,FLAT,0.0,0.0,0.0,HOLD_NO_ENTRY
2026-05-27 22:00:00+00:00,HOLD,FLAT,0.0,0.0,0.0,HOLD_NO_ENTRY
2026-05-27 23:00:00+00:00,HOLD,FLAT,0.0,0.0,0.0,HOLD_NO_ENTRY
2026-05-28 00:00:00+00:00,HOLD,FLAT,0.0,0.0,0.0,HOLD_NO_ENTRY
2026-05-28 01:00:00+00:00,HOLD,FLAT,0.0,0.0,0.0,HOLD_NO_ENTRY
2026-05-28 02:00:00+00:00,HOLD,FLAT,0.0,0.0,0.0,HOLD_NO_ENTRY
2026-05-28 03:00:00+00:00,HOLD,FLAT,0.0,0.0,0.0,HOLD_NO_ENTRY
2026-05-28 04:00:00+00:00,HOLD,FLAT,0.0,0.0,0.0,HOLD_NO_ENTRY
2026-05-28 05:00:00+00:00,HOLD,FLAT,0.0,0.0,0.0,HOLD_NO_ENTRY
2026-05-28 06:00:00+00:00,HOLD,FLAT,0.0,0.0,0.0,HOLD_NO_ENTRY
2026-05-28 07:00:00+00:00,HOLD,FLAT,0.0,0.0,0.0,HOLD_NO_ENTRY
2026-05-28 08:00:00+00:00,HOLD,FLAT,0.0,0.0,0.0,HOLD_NO_ENTRY
2026-05-28 09:00:00+00:00,HOLD,FLAT,0.0,0.0,0.0,HOLD_NO_ENTRY
2026-05-28 10:00:00+00:00,HOLD,FLAT,0.0,0.0,0.0,HOLD_NO_ENTRY
2026-05-28 11:00:00+00:00,HOLD,FLAT,0.0,0.0,0.0,HOLD_NO_ENTRY
2026-05-28 12:00:00+00:00,HOLD,FLAT,0.0,0.0,0.0,HOLD_NO_ENTRY
2026-05-28 13:00:00+00:00,HOLD,FLAT,0.0,0.0,0.0,HOLD_NO_ENTRY
2026-05-28 14:00:00+00:00,HOLD,FLAT,0.0,0.0,0.0,HOLD_NO_ENTRY
2026-05-28 15:00:00+00:00,HOLD,FLAT,0.0,0.0,0.0,HOLD_NO_ENTRY
2026-05-28 16:00:00+00:00,HOLD,FLAT,0.0,0.0,0.0,HOLD_NO_ENTRY
2026-05-28 17:00:00+00:00,HOLD,FLAT,0.0,0.0,0.0,HOLD_NO_ENTRY
2026-05-28 18:00:00+00:00,HOLD,FLAT,0.0,0.0,0.0,HOLD_NO_ENTRY
2026-05-28 19:00:00+00:00,HOLD,FLAT,0.0,0.0,0.0,HOLD_NO_ENTRY
2026-05-28 20:00:00+00:00,HOLD,FLAT,0.0,0.0,0.0,HOLD_NO_ENTRY
2026-05-28 21:00:00+00:00,HOLD,FLAT,0.0,0.0,0.0,HOLD_NO_ENTRY
2026-05-28 22:00:00+00:00,HOLD,FLAT,0.0,0.0,0.0,HOLD_NO_ENTRY
2026-05-28 23:00:00+00:00,HOLD,FLAT,0.0,0.0,0.0,HOLD_NO_ENTRY
2026-05-29 00:00:00+00:00,HOLD,FLAT,0.0,0.0,0.0,HOLD_NO_ENTRY
2026-05-29 01:00:00+00:00,HOLD,FLAT,0.0,0.0,0.0,HOLD_NO_ENTRY
2026-05-29 02:00:00+00:00,HOLD,FLAT,0.0,0.0,0.0,HOLD_NO_ENTRY
2026-05-29 03:00:00+00:00,HOLD,FLAT,0.0,0.0,0.0,HOLD_NO_ENTRY
2026-05-29 04:00:00+00:00,HOLD,FLAT,0.0,0.0,0.0,HOLD_NO_ENTRY
2026-05-29 05:00:00+00:00,HOLD,FLAT,0.0,0.0,0.0,HOLD_NO_ENTRY
2026-05-29 06:00:00+00:00,HOLD,FLAT,0.0,0.0,0.0,HOLD_NO_ENTRY
2026-05-29 07:00:00+00:00,HOLD,FLAT,0.0,0.0,0.0,HOLD_NO_ENTRY
2026-05-29 08:00:00+00:00,HOLD,FLAT,0.0,0.0,0.0,HOLD_NO_ENTRY
2026-05-29 09:00:00+00:00,HOLD,FLAT,0.0,0.0,0.0,HOLD_NO_ENTRY
2026-05-29 10:00:00+00:00,HOLD,FLAT,0.0,0.0,0.0,HOLD_NO_ENTRY
2026-05-29 11:00:00+00:00,HOLD,FLAT,0.0,0.0,0.0,HOLD_NO_ENTRY
2026-05-29 12:00:00+00:00,HOLD,FLAT,0.0,0.0,0.0,HOLD_NO_ENTRY
2026-05-29 13:00:00+00:00,HOLD,FLAT,0.0,0.0,0.0,HOLD_NO_ENTRY
2026-05-29 14:00:00+00:00,HOLD,FLAT,0.0,0.0,0.0,HOLD_NO_ENTRY
2026-05-29 15:00:00+00:00,HOLD,FLAT,0.0,0.0,0.0,HOLD_NO_ENTRY
2026-05-29 16:00:00+00:00,HOLD,FLAT,0.0,0.0,0.0,HOLD_NO_ENTRY
2026-05-29 17:00:00+00:00,HOLD,FLAT,0.0,0.0,0.0,HOLD_NO_ENTRY
2026-05-29 18:00:00+00:00,HOLD,FLAT,0.0,0.0,0.0,WATCH_SLOW_UPTREND
2026-05-29 19:00:00+00:00,HOLD,FLAT,0.0,0.0,0.0,HOLD_NO_ENTRY
2026-05-29 20:00:00+00:00,HOLD,FLAT,0.0,0.0,0.0,HOLD_NO_ENTRY
2026-05-29 21:00:00+00:00,HOLD,FLAT,0.0,0.0,0.0,HOLD_NO_ENTRY
2026-05-29 22:00:00+00:00,HOLD,FLAT,0.0,0.0,0.0,HOLD_NO_ENTRY
2026-05-29 23:00:00+00:00,HOLD,FLAT,0.0,0.0,0.0,HOLD_NO_ENTRY
2026-05-30 00:00:00+00:00,HOLD,FLAT,0.0,0.0,0.0,HOLD_NO_ENTRY
2026-05-30 01:00:00+00:00,HOLD,FLAT,0.0,0.0,0.0,HOLD_NO_ENTRY
2026-05-30 02:00:00+00:00,HOLD,FLAT,0.0,0.0,0.0,HOLD_NO_ENTRY
2026-05-30 03:00:00+00:00,HOLD,FLAT,0.0,0.0,0.0,HOLD_NO_ENTRY
2026-05-30 04:00:00+00:00,HOLD,FLAT,0.0,0.0,0.0,HOLD_NO_ENTRY
2026-05-30 05:00:00+00:00,HOLD,FLAT,0.0,0.0,0.0,HOLD_NO_ENTRY
2026-05-30 06:00:00+00:00,HOLD,FLAT,0.0,0.0,0.0,HOLD_NO_ENTRY
2026-05-30 07:00:00+00:00,HOLD,FLAT,0.0,0.0,0.0,HOLD_NO_ENTRY
2026-05-30 08:00:00+00:00,HOLD,FLAT,0.0,0.0,0.0,HOLD_NO_ENTRY
2026-05-30 09:00:00+00:00,HOLD,FLAT,0.0,0.0,0.0,HOLD_NO_ENTRY
2026-05-30 10:00:00+00:00,HOLD,FLAT,0.0,0.0,0.0,HOLD_NO_ENTRY
2026-05-30 11:00:00+00:00,HOLD,FLAT,0.0,0.0,0.0,HOLD_NO_ENTRY
2026-05-30 12:00:00+00:00,HOLD,FLAT,0.0,0.0,0.0,WATCH_SLOW_UPTREND
2026-05-30 13:00:00+00:00,HOLD,FLAT,0.0,0.0,0.0,WATCH_SLOW_UPTREND
2026-05-30 14:00:00+00:00,HOLD,FLAT,0.0,0.0,0.0,WATCH_SLOW_UPTREND
2026-05-30 15:00:00+00:00,HOLD,FLAT,0.0,0.0,0.0,WATCH_SLOW_UPTREND
2026-05-30 16:00:00+00:00,HOLD,FLAT,0.0,0.0,0.0,WATCH_SLOW_UPTREND
2026-05-30 17:00:00+00:00,HOLD,FLAT,0.0,0.0,0.0,WATCH_SLOW_UPTREND
2026-05-30 18:00:00+00:00,HOLD,FLAT,0.0,0.0,0.0,WATCH_SLOW_UPTREND
2026-05-30 19:00:00+00:00,HOLD,FLAT,0.0,0.0,0.0,WATCH_SLOW_UPTREND
2026-05-30 20:00:00+00:00,HOLD,FLAT,0.0,0.0,0.0,WATCH_SLOW_UPTREND
2026-05-30 21:00:00+00:00,HOLD,FLAT,0.0,0.0,0.0,WATCH_SLOW_UPTREND
2026-05-30 22:00:00+00:00,HOLD,FLAT,0.0,0.0,0.0,WATCH_SLOW_UPTREND
2026-05-30 23:00:00+00:00,HOLD,FLAT,0.0,0.0,0.0,WATCH_SLOW_UPTREND
2026-05-31 00:00:00+00:00,HOLD,FLAT,0.0,0.0,0.0,WATCH_SLOW_UPTREND
2026-05-31 01:00:00+00:00,HOLD,FLAT,0.0,0.0,0.0,WATCH_SLOW_UPTREND
2026-05-31 02:00:00+00:00,HOLD,FLAT,0.0,0.0,0.0,WATCH_SLOW_UPTREND
2026-05-31 03:00:00+00:00,HOLD,FLAT,0.0,0.0,0.0,WATCH_SLOW_UPTREND
2026-05-31 04:00:00+00:00,HOLD,FLAT,0.0,0.0,0.0,WATCH_SLOW_UPTREND
2026-05-31 05:00:00+00:00,HOLD,FLAT,0.0,0.0,0.0,WATCH_SLOW_UPTREND
2026-05-31 06:00:00+00:00,HOLD,FLAT,0.0,0.0,0.0,WATCH_SLOW_UPTREND
2026-05-31 07:00:00+00:00,HOLD,FLAT,0.0,0.0,0.0,WATCH_SLOW_UPTREND
2026-05-31 08:00:00+00:00,HOLD,FLAT,0.0,0.0,0.0,WATCH_SLOW_UPTREND
2026-05-31 09:00:00+00:00,HOLD,FLAT,0.0,0.0,0.0,HOLD_NO_ENTRY
2026-05-31 10:00:00+00:00,HOLD,FLAT,0.0,0.0,0.0,HOLD_NO_ENTRY
2026-05-31 11:00:00+00:00,HOLD,FLAT,0.0,0.0,0.0,HOLD_NO_ENTRY
2026-05-31 12:00:00+00:00,HOLD,FLAT,0.0,0.0,0.0,WATCH_SLOW_UPTREND
2026-05-31 13:00:00+00:00,HOLD,FLAT,0.0,0.0,0.0,WATCH_SLOW_UPTREND
2026-05-31 14:00:00+00:00,HOLD,FLAT,0.0,0.0,0.0,HOLD_NO_ENTRY
2026-05-31 15:00:00+00:00,HOLD,FLAT,0.0,0.0,0.0,HOLD_NO_ENTRY
2026-05-31 16:00:00+00:00,HOLD,FLAT,0.0,0.0,0.0,HOLD_NO_ENTRY
2026-05-31 17:00:00+00:00,HOLD,FLAT,0.0,0.0,0.0,HOLD_NO_ENTRY
2026-05-31 18:00:00+00:00,HOLD,FLAT,0.0,0.0,0.0,HOLD_NO_ENTRY
2026-05-31 19:00:00+00:00,HOLD,FLAT,0.0,0.0,0.0,HOLD_NO_ENTRY
2026-05-31 20:00:00+00:00,HOLD,FLAT,0.0,0.0,0.0,HOLD_NO_ENTRY
2026-05-31 21:00:00+00:00,HOLD,FLAT,0.0,0.0,0.0,HOLD_NO_ENTRY
2026-05-31 22:00:00+00:00,HOLD,FLAT,0.0,0.0,0.0,HOLD_NO_ENTRY
2026-05-31 23:00:00+00:00,HOLD,FLAT,0.0,0.0,0.0,HOLD_NO_ENTRY
2026-06-01 00:00:00+00:00,HOLD,FLAT,0.0,0.0,0.0,HOLD_NO_ENTRY
2026-06-01 01:00:00+00:00,HOLD,FLAT,0.0,0.0,0.0,HOLD_NO_ENTRY
2026-06-01 02:00:00+00:00,HOLD,FLAT,0.0,0.0,0.0,HOLD_NO_ENTRY
2026-06-01 03:00:00+00:00,HOLD,FLAT,0.0,0.0,0.0,HOLD_NO_ENTRY
2026-06-01 04:00:00+00:00,HOLD,FLAT,0.0,0.0,0.0,HOLD_NO_ENTRY
2026-06-01 05:00:00+00:00,HOLD,FLAT,0.0,0.0,0.0,HOLD_NO_ENTRY
2026-06-01 06:00:00+00:00,HOLD,FLAT,0.0,0.0,0.0,HOLD_NO_ENTRY
2026-06-01 07:00:00+00:00,HOLD,FLAT,0.0,0.0,0.0,HOLD_NO_ENTRY
2026-06-01 08:00:00+00:00,HOLD,FLAT,0.0,0.0,0.0,HOLD_NO_ENTRY
2026-06-01 09:00:00+00:00,HOLD,FLAT,0.0,0.0,0.0,HOLD_NO_ENTRY
2026-06-01 10:00:00+00:00,HOLD,FLAT,0.0,0.0,0.0,HOLD_NO_ENTRY
2026-06-01 11:00:00+00:00,HOLD,FLAT,0.0,0.0,0.0,HOLD_NO_ENTRY
2026-06-01 12:00:00+00:00,HOLD,FLAT,0.0,0.0,0.0,HOLD_NO_ENTRY
2026-06-01 13:00:00+00:00,HOLD,FLAT,0.0,0.0,0.0,HOLD_NO_ENTRY
2026-06-01 14:00:00+00:00,HOLD,FLAT,0.0,0.0,0.0,HOLD_NO_ENTRY
2026-06-01 15:00:00+00:00,OPEN_SHORT,SHORT,0.06,1.2,0.06,OPEN_SHORT_CRASH
2026-06-01 16:00:00+00:00,HOLD,SHORT,0.05342787653207779,1.0685575306415558,0.05342787653207779,HOLD_CRASH_TREND_CONFIRMING
2026-06-01 17:00:00+00:00,HOLD,SHORT,0.052523458003997804,1.050469160079956,0.052523458003997804,HOLD_CRASH_TREND_CONFIRMING
2026-06-01 18:00:00+00:00,HOLD,SHORT,0.05363182276487351,1.07263645529747,0.05363182276487351,HOLD_CRASH_TREND_CONFIRMING
2026-06-01 19:00:00+00:00,HOLD,SHORT,0.063246368765831,1.26492737531662,0.063246368765831,HOLD_CRASH_TREND_CONFIRMING
2026-06-01 20:00:00+00:00,HOLD,SHORT,0.061847575306892395,1.236951506137848,0.061847575306892395,HOLD_CRASH_TREND_CONFIRMING
2026-06-01 21:00:00+00:00,HOLD,SHORT,0.06284909069538117,1.2569818139076232,0.06284909069538117,HOLD_CRASH_TREND_CONFIRMING
2026-06-01 22:00:00+00:00,HOLD,SHORT,0.060938655138015746,1.218773102760315,0.060938655138015746,HOLD_CRASH_TREND_CONFIRMING
2026-06-01 23:00:00+00:00,HOLD,SHORT,0.06056603729724884,1.2113207459449769,0.06056603729724884,HOLD_CRASH_TREND_CONFIRMING
2026-06-02 00:00:00+00:00,HOLD,SHORT,0.061611401438713076,1.2322280287742615,0.061611401438713076,HOLD_CRASH_TREND_CONFIRMING
2026-06-02 01:00:00+00:00,HOLD,SHORT,0.05144338160753251,1.02886763215065,0.05144338160753251,HOLD_CRASH_TREND_CONFIRMING
2026-06-02 02:00:00+00:00,HOLD,SHORT,0.05102175623178482,1.0204351246356964,0.05102175623178482,HOLD_CRASH_TREND_CONFIRMING
2026-06-02 03:00:00+00:00,HOLD,SHORT,0.05096260011196137,1.0192520022392273,0.05096260011196137,HOLD_CRASH_TREND_CONFIRMING
2026-06-02 04:00:00+00:00,HOLD,SHORT,0.050255475938320165,1.0051095187664032,0.050255475938320165,HOLD_SHORT_REVERSE_WAIT_CONFIRM
2026-06-02 05:00:00+00:00,HOLD,SHORT,0.05056978166103363,1.0113956332206726,0.05056978166103363,HOLD_CRASH_TREND_CONFIRMING
2026-06-02 06:00:00+00:00,HOLD,SHORT,0.05028456896543503,1.0056913793087006,0.05028456896543503,HOLD_CRASH_TREND_CONFIRMING
2026-06-02 07:00:00+00:00,HOLD,SHORT,0.051440453529357916,1.0288090705871582,0.051440453529357916,HOLD_CRASH_TREND_CONFIRMING
2026-06-02 08:00:00+00:00,HOLD,SHORT,0.05234139412641525,1.046827882528305,0.05234139412641525,HOLD_CRASH_TREND_CONFIRMING
2026-06-02 09:00:00+00:00,HOLD,SHORT,0.05237083584070206,1.0474167168140411,0.05237083584070206,HOLD_CRASH_TREND_CONFIRMING
2026-06-02 10:00:00+00:00,HOLD,SHORT,0.05256576538085938,1.0513153076171875,0.05256576538085938,HOLD_CRASH_TREND_CONFIRMING
2026-06-02 11:00:00+00:00,HOLD,SHORT,0.0528135433793068,1.0562708675861359,0.0528135433793068,HOLD_CRASH_TREND_CONFIRMING
2026-06-02 12:00:00+00:00,HOLD,SHORT,0.0,0.0,0.0,HOLD_CRASH_TREND_CONFIRMING
2026-06-02 13:00:00+00:00,HOLD,SHORT,0.0,0.0,0.0,HOLD_CRASH_TREND_CONFIRMING
2026-06-02 14:00:00+00:00,HOLD,SHORT,0.0,0.0,0.0,HOLD_CRASH_TREND_CONFIRMING
2026-06-02 15:00:00+00:00,HOLD,SHORT,0.0,0.0,0.0,HOLD_CRASH_TREND_CONFIRMING
2026-06-02 16:00:00+00:00,HOLD,SHORT,0.0,0.0,0.0,HOLD_CRASH_TREND_CONFIRMING
2026-06-02 17:00:00+00:00,HOLD,SHORT,0.0,0.0,0.0,HOLD_CRASH_TREND_CONFIRMING
2026-06-02 18:00:00+00:00,HOLD,SHORT,0.0,0.0,0.0,HOLD_CRASH_TREND_CONFIRMING
2026-06-02 19:00:00+00:00,HOLD,SHORT,0.0,0.0,0.0,HOLD_CRASH_TREND_CONFIRMING
2026-06-02 20:00:00+00:00,HOLD,SHORT,0.0,0.0,0.0,HOLD_CRASH_TREND_CONFIRMING
2026-06-02 21:00:00+00:00,CLOSE,FLAT,0.0,0.0,0.0,CLOSE_CRASH_MAX_HOLD_BARS
2026-06-02 22:00:00+00:00,HOLD,FLAT,0.0,0.0,0.0,HOLD_NO_ENTRY
2026-06-02 23:00:00+00:00,HOLD,FLAT,0.0,0.0,0.0,HOLD_NO_ENTRY
2026-06-03 00:00:00+00:00,HOLD,FLAT,0.0,0.0,0.0,HOLD_NO_ENTRY
2026-06-03 01:00:00+00:00,HOLD,FLAT,0.0,0.0,0.0,HOLD_NO_ENTRY
2026-06-03 02:00:00+00:00,HOLD,FLAT,0.0,0.0,0.0,HOLD_NO_ENTRY
2026-06-03 03:00:00+00:00,HOLD,FLAT,0.0,0.0,0.0,HOLD_NO_ENTRY
2026-06-03 04:00:00+00:00,HOLD,FLAT,0.0,0.0,0.0,HOLD_NO_ENTRY
2026-06-03 05:00:00+00:00,HOLD,FLAT,0.0,0.0,0.0,HOLD_NO_ENTRY
2026-06-03 06:00:00+00:00,HOLD,FLAT,0.0,0.0,0.0,HOLD_NO_ENTRY
2026-06-03 07:00:00+00:00,OPEN_LONG,LONG,0.0688719803094864,1.3774396061897278,0.0688719803094864,OPEN_LONG_SIGNAL
2026-06-03 08:00:00+00:00,ADD,LONG,0.06829619306325913,1.3659238612651825,0.06829619306325913,ADD_SIGNAL_CONFIRMED
2026-06-03 09:00:00+00:00,ADD,LONG,0.11583623675107955,2.316724735021591,0.11583623675107955,ADD_SIGNAL_CONFIRMED
2026-06-03 10:00:00+00:00,HOLD,LONG,0.06906584501266479,1.3813169002532957,0.06906584501266479,HOLD_SIGNAL_VALID
2026-06-03 11:00:00+00:00,HOLD,LONG,0.06853649497032166,1.3707298994064332,0.06853649497032166,HOLD_SIGNAL_VALID
2026-06-03 12:00:00+00:00,HOLD,LONG,0.03836531087756157,0.7673062175512314,0.03836531087756157,HOLD_SIGNAL_VALID
2026-06-03 13:00:00+00:00,CLOSE,FLAT,0.0,0.0,0.0,CLOSE_REVERSE_SIGNAL
2026-06-03 14:00:00+00:00,HOLD,FLAT,0.0,0.0,0.0,HOLD_NO_ENTRY
2026-06-03 15:00:00+00:00,HOLD,FLAT,0.0,0.0,0.0,HOLD_NO_ENTRY
2026-06-03 16:00:00+00:00,HOLD,FLAT,0.0,0.0,0.0,HOLD_NO_ENTRY
2026-06-03 17:00:00+00:00,HOLD,FLAT,0.0,0.0,0.0,HOLD_NO_ENTRY
2026-06-03 18:00:00+00:00,HOLD,FLAT,0.0,0.0,0.0,HOLD_NO_ENTRY
2026-06-03 19:00:00+00:00,HOLD,FLAT,0.0,0.0,0.0,HOLD_NO_ENTRY
2026-06-03 20:00:00+00:00,HOLD,FLAT,0.0,0.0,0.0,HOLD_NO_ENTRY
2026-06-03 21:00:00+00:00,HOLD,FLAT,0.0,0.0,0.0,HOLD_NO_ENTRY
2026-06-03 22:00:00+00:00,HOLD,FLAT,0.0,0.0,0.0,HOLD_NO_ENTRY
2026-06-03 23:00:00+00:00,HOLD,FLAT,0.0,0.0,0.0,HOLD_NO_ENTRY
2026-06-04 00:00:00+00:00,HOLD,FLAT,0.0,0.0,0.0,HOLD_NO_ENTRY
2026-06-04 01:00:00+00:00,BLOCK,FLAT,0.0,0.0,0.0,BLOCK_BIAS_SHORT_OPEN
2026-06-04 02:00:00+00:00,BLOCK,FLAT,0.0,0.0,0.0,BLOCK_BIAS_SHORT_OPEN
2026-06-04 03:00:00+00:00,HOLD,FLAT,0.0,0.0,0.0,HOLD_NO_ENTRY
2026-06-04 04:00:00+00:00,HOLD,FLAT,0.0,0.0,0.0,HOLD_NO_ENTRY
2026-06-04 05:00:00+00:00,HOLD,FLAT,0.0,0.0,0.0,HOLD_NO_ENTRY
2026-06-04 06:00:00+00:00,HOLD,FLAT,0.0,0.0,0.0,HOLD_NO_ENTRY
2026-06-04 07:00:00+00:00,HOLD,FLAT,0.0,0.0,0.0,HOLD_NO_ENTRY
2026-06-04 08:00:00+00:00,HOLD,FLAT,0.0,0.0,0.0,HOLD_NO_ENTRY
2026-06-04 09:00:00+00:00,HOLD,FLAT,0.0,0.0,0.0,HOLD_NO_ENTRY
2026-06-04 10:00:00+00:00,HOLD,FLAT,0.0,0.0,0.0,HOLD_NO_ENTRY
2026-06-04 11:00:00+00:00,HOLD,FLAT,0.0,0.0,0.0,HOLD_NO_ENTRY
2026-06-04 12:00:00+00:00,HOLD,FLAT,0.0,0.0,0.0,HOLD_NO_ENTRY
2026-06-04 13:00:00+00:00,HOLD,FLAT,0.0,0.0,0.0,HOLD_NO_ENTRY
2026-06-04 14:00:00+00:00,HOLD,FLAT,0.0,0.0,0.0,HOLD_NO_ENTRY
2026-06-04 15:00:00+00:00,HOLD,FLAT,0.0,0.0,0.0,HOLD_NO_ENTRY
2026-06-04 16:00:00+00:00,HOLD,FLAT,0.0,0.0,0.0,HOLD_NO_ENTRY
2026-06-04 17:00:00+00:00,HOLD,FLAT,0.0,0.0,0.0,HOLD_NO_ENTRY
2026-06-04 18:00:00+00:00,HOLD,FLAT,0.0,0.0,0.0,HOLD_NO_ENTRY
2026-06-04 19:00:00+00:00,HOLD,FLAT,0.0,0.0,0.0,HOLD_NO_ENTRY
2026-06-04 20:00:00+00:00,HOLD,FLAT,0.0,0.0,0.0,HOLD_NO_ENTRY
2026-06-04 21:00:00+00:00,HOLD,FLAT,0.0,0.0,0.0,HOLD_NO_ENTRY
2026-06-04 22:00:00+00:00,HOLD,FLAT,0.0,0.0,0.0,HOLD_NO_ENTRY
2026-06-04 23:00:00+00:00,HOLD,FLAT,0.0,0.0,0.0,HOLD_NO_ENTRY
2026-06-05 00:00:00+00:00,HOLD,FLAT,0.0,0.0,0.0,HOLD_NO_ENTRY
2026-06-05 01:00:00+00:00,HOLD,FLAT,0.0,0.0,0.0,HOLD_NO_ENTRY
2026-06-05 02:00:00+00:00,HOLD,FLAT,0.0,0.0,0.0,HOLD_NO_ENTRY
2026-06-05 03:00:00+00:00,HOLD,FLAT,0.0,0.0,0.0,HOLD_NO_ENTRY
2026-06-05 04:00:00+00:00,HOLD,FLAT,0.0,0.0,0.0,HOLD_NO_ENTRY
2026-06-05 05:00:00+00:00,HOLD,FLAT,0.0,0.0,0.0,HOLD_NO_ENTRY
2026-06-05 06:00:00+00:00,HOLD,FLAT,0.0,0.0,0.0,HOLD_NO_ENTRY
2026-06-05 07:00:00+00:00,HOLD,FLAT,0.0,0.0,0.0,HOLD_NO_ENTRY
2026-06-05 08:00:00+00:00,HOLD,FLAT,0.0,0.0,0.0,HOLD_NO_ENTRY
2026-06-05 09:00:00+00:00,HOLD,FLAT,0.0,0.0,0.0,HOLD_NO_ENTRY
2026-06-05 10:00:00+00:00,HOLD,FLAT,0.0,0.0,0.0,HOLD_NO_ENTRY
2026-06-05 11:00:00+00:00,HOLD,FLAT,0.0,0.0,0.0,HOLD_NO_ENTRY
2026-06-05 12:00:00+00:00,HOLD,FLAT,0.0,0.0,0.0,HOLD_NO_ENTRY
2026-06-05 13:00:00+00:00,HOLD,FLAT,0.0,0.0,0.0,HOLD_NO_ENTRY
2026-06-05 14:00:00+00:00,HOLD,FLAT,0.0,0.0,0.0,HOLD_NO_ENTRY
2026-06-05 15:00:00+00:00,HOLD,FLAT,0.0,0.0,0.0,HOLD_NO_ENTRY
2026-06-05 16:00:00+00:00,HOLD,FLAT,0.0,0.0,0.0,HOLD_NO_ENTRY
2026-06-05 17:00:00+00:00,HOLD,FLAT,0.0,0.0,0.0,HOLD_NO_ENTRY
2026-06-05 18:00:00+00:00,HOLD,FLAT,0.0,0.0,0.0,HOLD_NO_ENTRY
2026-06-05 19:00:00+00:00,HOLD,FLAT,0.0,0.0,0.0,HOLD_NO_ENTRY
2026-06-05 20:00:00+00:00,HOLD,FLAT,0.0,0.0,0.0,HOLD_NO_ENTRY
2026-06-05 21:00:00+00:00,HOLD,FLAT,0.0,0.0,0.0,HOLD_NO_ENTRY
2026-06-05 22:00:00+00:00,HOLD,FLAT,0.0,0.0,0.0,HOLD_NO_ENTRY
2026-06-05 23:00:00+00:00,HOLD,FLAT,0.0,0.0,0.0,HOLD_NO_ENTRY
2026-06-06 00:00:00+00:00,HOLD,FLAT,0.0,0.0,0.0,HOLD_NO_ENTRY
2026-06-06 01:00:00+00:00,HOLD,FLAT,0.0,0.0,0.0,HOLD_NO_ENTRY
2026-06-06 02:00:00+00:00,HOLD,FLAT,0.0,0.0,0.0,HOLD_NO_ENTRY
2026-06-06 03:00:00+00:00,HOLD,FLAT,0.0,0.0,0.0,HOLD_NO_ENTRY
2026-06-06 04:00:00+00:00,HOLD,FLAT,0.0,0.0,0.0,HOLD_NO_ENTRY
2026-06-06 05:00:00+00:00,HOLD,FLAT,0.0,0.0,0.0,HOLD_NO_ENTRY
2026-06-06 06:00:00+00:00,HOLD,FLAT,0.0,0.0,0.0,HOLD_NO_ENTRY
2026-06-06 07:00:00+00:00,HOLD,FLAT,0.0,0.0,0.0,HOLD_NO_ENTRY
2026-06-06 08:00:00+00:00,HOLD,FLAT,0.0,0.0,0.0,HOLD_NO_ENTRY
2026-06-06 09:00:00+00:00,HOLD,FLAT,0.0,0.0,0.0,HOLD_NO_ENTRY
2026-06-06 10:00:00+00:00,HOLD,FLAT,0.0,0.0,0.0,HOLD_NO_ENTRY
2026-06-06 11:00:00+00:00,HOLD,FLAT,0.0,0.0,0.0,HOLD_NO_ENTRY
2026-06-06 12:00:00+00:00,HOLD,FLAT,0.0,0.0,0.0,HOLD_NO_ENTRY
2026-06-06 13:00:00+00:00,HOLD,FLAT,0.0,0.0,0.0,HOLD_NO_ENTRY
2026-06-06 14:00:00+00:00,HOLD,FLAT,0.0,0.0,0.0,HOLD_NO_ENTRY
2026-06-06 15:00:00+00:00,HOLD,FLAT,0.0,0.0,0.0,HOLD_NO_ENTRY
2026-06-06 16:00:00+00:00,HOLD,FLAT,0.0,0.0,0.0,HOLD_NO_ENTRY
2026-06-06 17:00:00+00:00,HOLD,FLAT,0.0,0.0,0.0,HOLD_NO_ENTRY
2026-06-06 18:00:00+00:00,HOLD,FLAT,0.0,0.0,0.0,HOLD_NO_ENTRY
2026-06-06 19:00:00+00:00,HOLD,FLAT,0.0,0.0,0.0,HOLD_NO_ENTRY
2026-06-06 20:00:00+00:00,HOLD,FLAT,0.0,0.0,0.0,HOLD_NO_ENTRY
2026-06-06 21:00:00+00:00,HOLD,FLAT,0.0,0.0,0.0,HOLD_NO_ENTRY
2026-06-06 22:00:00+00:00,HOLD,FLAT,0.0,0.0,0.0,HOLD_NO_ENTRY
2026-06-06 23:00:00+00:00,HOLD,FLAT,0.0,0.0,0.0,HOLD_NO_ENTRY
2026-06-07 00:00:00+00:00,HOLD,FLAT,0.0,0.0,0.0,HOLD_NO_ENTRY
2026-06-07 01:00:00+00:00,HOLD,FLAT,0.0,0.0,0.0,HOLD_NO_ENTRY
2026-06-07 02:00:00+00:00,HOLD,FLAT,0.0,0.0,0.0,HOLD_NO_ENTRY
2026-06-07 03:00:00+00:00,HOLD,FLAT,0.0,0.0,0.0,HOLD_NO_ENTRY
2026-06-07 04:00:00+00:00,HOLD,FLAT,0.0,0.0,0.0,WATCH_SLOW_UPTREND
2026-06-07 05:00:00+00:00,HOLD,FLAT,0.0,0.0,0.0,WATCH_SLOW_UPTREND
2026-06-07 06:00:00+00:00,HOLD,FLAT,0.0,0.0,0.0,WATCH_SLOW_UPTREND
2026-06-07 07:00:00+00:00,HOLD,FLAT,0.0,0.0,0.0,WATCH_SLOW_UPTREND
2026-06-07 08:00:00+00:00,HOLD,FLAT,0.0,0.0,0.0,WATCH_SLOW_UPTREND
2026-06-07 09:00:00+00:00,HOLD,FLAT,0.0,0.0,0.0,WATCH_SLOW_UPTREND
2026-06-07 10:00:00+00:00,HOLD,FLAT,0.0,0.0,0.0,WATCH_SLOW_UPTREND
2026-06-07 11:00:00+00:00,HOLD,FLAT,0.0,0.0,0.0,WATCH_SLOW_UPTREND
2026-06-07 12:00:00+00:00,HOLD,FLAT,0.0,0.0,0.0,WATCH_SLOW_UPTREND
2026-06-07 13:00:00+00:00,HOLD,FLAT,0.0,0.0,0.0,WATCH_SLOW_UPTREND
2026-06-07 14:00:00+00:00,HOLD,FLAT,0.0,0.0,0.0,WATCH_SLOW_UPTREND
2026-06-07 15:00:00+00:00,HOLD,FLAT,0.0,0.0,0.0,WATCH_SLOW_UPTREND
2026-06-07 16:00:00+00:00,HOLD,FLAT,0.0,0.0,0.0,WATCH_SLOW_UPTREND
2026-06-07 17:00:00+00:00,HOLD,FLAT,0.0,0.0,0.0,WATCH_SLOW_UPTREND
2026-06-07 18:00:00+00:00,HOLD,FLAT,0.0,0.0,0.0,WATCH_SLOW_UPTREND
2026-06-07 19:00:00+00:00,HOLD,FLAT,0.0,0.0,0.0,WATCH_SLOW_UPTREND
2026-06-07 20:00:00+00:00,HOLD,FLAT,0.0,0.0,0.0,HOLD_NO_ENTRY
2026-06-07 21:00:00+00:00,HOLD,FLAT,0.0,0.0,0.0,HOLD_NO_ENTRY
2026-06-07 22:00:00+00:00,HOLD,FLAT,0.0,0.0,0.0,WATCH_SLOW_UPTREND
2026-06-07 23:00:00+00:00,HOLD,FLAT,0.0,0.0,0.0,WATCH_SLOW_UPTREND
2026-06-08 00:00:00+00:00,HOLD,FLAT,0.0,0.0,0.0,WATCH_SLOW_UPTREND
2026-06-08 01:00:00+00:00,HOLD,FLAT,0.0,0.0,0.0,WATCH_SLOW_UPTREND
2026-06-08 02:00:00+00:00,HOLD,FLAT,0.0,0.0,0.0,WATCH_SLOW_UPTREND
2026-06-08 03:00:00+00:00,HOLD,FLAT,0.0,0.0,0.0,WATCH_SLOW_UPTREND
2026-06-08 04:00:00+00:00,HOLD,FLAT,0.0,0.0,0.0,WATCH_SLOW_UPTREND
2026-06-08 05:00:00+00:00,HOLD,FLAT,0.0,0.0,0.0,WATCH_SLOW_UPTREND
2026-06-08 06:00:00+00:00,HOLD,FLAT,0.0,0.0,0.0,WATCH_SLOW_UPTREND
2026-06-08 07:00:00+00:00,HOLD,FLAT,0.0,0.0,0.0,WATCH_SLOW_UPTREND
2026-06-08 08:00:00+00:00,HOLD,FLAT,0.0,0.0,0.0,WATCH_SLOW_UPTREND
2026-06-08 09:00:00+00:00,HOLD,FLAT,0.0,0.0,0.0,WATCH_SLOW_UPTREND
2026-06-08 10:00:00+00:00,HOLD,FLAT,0.0,0.0,0.0,WATCH_SLOW_UPTREND
2026-06-08 11:00:00+00:00,HOLD,FLAT,0.0,0.0,0.0,WATCH_SLOW_UPTREND
2026-06-08 12:00:00+00:00,HOLD,FLAT,0.0,0.0,0.0,WATCH_SLOW_UPTREND
2026-06-08 13:00:00+00:00,HOLD,FLAT,0.0,0.0,0.0,WATCH_SLOW_UPTREND
2026-06-08 14:00:00+00:00,HOLD,FLAT,0.0,0.0,0.0,WATCH_SLOW_UPTREND
2026-06-08 15:00:00+00:00,HOLD,FLAT,0.0,0.0,0.0,WATCH_SLOW_UPTREND
2026-06-08 16:00:00+00:00,HOLD,FLAT,0.0,0.0,0.0,WATCH_SLOW_UPTREND
2026-06-08 17:00:00+00:00,HOLD,FLAT,0.0,0.0,0.0,WATCH_SLOW_UPTREND
2026-06-08 18:00:00+00:00,HOLD,FLAT,0.0,0.0,0.0,WATCH_SLOW_UPTREND
2026-06-08 19:00:00+00:00,HOLD,FLAT,0.0,0.0,0.0,WATCH_SLOW_UPTREND
2026-06-08 20:00:00+00:00,HOLD,FLAT,0.0,0.0,0.0,WATCH_SLOW_UPTREND
2026-06-08 21:00:00+00:00,HOLD,FLAT,0.0,0.0,0.0,WATCH_SLOW_UPTREND
2026-06-08 22:00:00+00:00,HOLD,FLAT,0.0,0.0,0.0,WATCH_SLOW_UPTREND
2026-06-08 23:00:00+00:00,HOLD,FLAT,0.0,0.0,0.0,WATCH_SLOW_UPTREND
2026-06-09 00:00:00+00:00,HOLD,FLAT,0.0,0.0,0.0,WATCH_SLOW_UPTREND
2026-06-09 01:00:00+00:00,HOLD,FLAT,0.0,0.0,0.0,HOLD_NO_ENTRY
2026-06-09 02:00:00+00:00,HOLD,FLAT,0.0,0.0,0.0,HOLD_NO_ENTRY
2026-06-09 03:00:00+00:00,HOLD,FLAT,0.0,0.0,0.0,WATCH_SLOW_UPTREND
2026-06-09 04:00:00+00:00,HOLD,FLAT,0.0,0.0,0.0,WATCH_SLOW_UPTREND
2026-06-09 05:00:00+00:00,HOLD,FLAT,0.0,0.0,0.0,WATCH_SLOW_UPTREND
2026-06-09 06:00:00+00:00,HOLD,FLAT,0.0,0.0,0.0,WATCH_SLOW_UPTREND
2026-06-09 07:00:00+00:00,HOLD,FLAT,0.0,0.0,0.0,WATCH_SLOW_UPTREND
2026-06-09 08:00:00+00:00,HOLD,FLAT,0.0,0.0,0.0,WATCH_SLOW_UPTREND
2026-06-09 09:00:00+00:00,HOLD,FLAT,0.0,0.0,0.0,WATCH_SLOW_UPTREND
2026-06-09 10:00:00+00:00,HOLD,FLAT,0.0,0.0,0.0,HOLD_NO_ENTRY
2026-06-09 11:00:00+00:00,HOLD,FLAT,0.0,0.0,0.0,HOLD_NO_ENTRY
2026-06-09 12:00:00+00:00,HOLD,FLAT,0.0,0.0,0.0,HOLD_NO_ENTRY
2026-06-09 13:00:00+00:00,HOLD,FLAT,0.0,0.0,0.0,HOLD_NO_ENTRY
2026-06-09 14:00:00+00:00,HOLD,FLAT,0.0,0.0,0.0,HOLD_NO_ENTRY
2026-06-09 15:00:00+00:00,HOLD,FLAT,0.0,0.0,0.0,HOLD_NO_ENTRY
2026-06-09 16:00:00+00:00,HOLD,FLAT,0.0,0.0,0.0,HOLD_NO_ENTRY
2026-06-09 17:00:00+00:00,HOLD,FLAT,0.0,0.0,0.0,HOLD_NO_ENTRY
2026-06-09 18:00:00+00:00,HOLD,FLAT,0.0,0.0,0.0,HOLD_NO_ENTRY
2026-06-09 19:00:00+00:00,HOLD,FLAT,0.0,0.0,0.0,HOLD_NO_ENTRY
2026-06-09 20:00:00+00:00,HOLD,FLAT,0.0,0.0,0.0,HOLD_NO_ENTRY
2026-06-09 21:00:00+00:00,HOLD,FLAT,0.0,0.0,0.0,HOLD_NO_ENTRY
2026-06-09 22:00:00+00:00,HOLD,FLAT,0.0,0.0,0.0,HOLD_NO_ENTRY
2026-06-09 23:00:00+00:00,HOLD,FLAT,0.0,0.0,0.0,HOLD_NO_ENTRY
2026-06-10 00:00:00+00:00,HOLD,FLAT,0.0,0.0,0.0,HOLD_NO_ENTRY
2026-06-10 01:00:00+00:00,HOLD,FLAT,0.0,0.0,0.0,HOLD_NO_ENTRY
2026-06-10 02:00:00+00:00,HOLD,FLAT,0.0,0.0,0.0,HOLD_NO_ENTRY
2026-06-10 03:00:00+00:00,HOLD,FLAT,0.0,0.0,0.0,HOLD_NO_ENTRY
2026-06-10 04:00:00+00:00,HOLD,FLAT,0.0,0.0,0.0,HOLD_NO_ENTRY
2026-06-10 05:00:00+00:00,HOLD,FLAT,0.0,0.0,0.0,HOLD_NO_ENTRY
2026-06-10 06:00:00+00:00,HOLD,FLAT,0.0,0.0,0.0,HOLD_NO_ENTRY
2026-06-10 07:00:00+00:00,HOLD,FLAT,0.0,0.0,0.0,HOLD_NO_ENTRY
2026-06-10 08:00:00+00:00,HOLD,FLAT,0.0,0.0,0.0,HOLD_NO_ENTRY
2026-06-10 09:00:00+00:00,HOLD,FLAT,0.0,0.0,0.0,HOLD_NO_ENTRY
2026-06-10 10:00:00+00:00,HOLD,FLAT,0.0,0.0,0.0,HOLD_NO_ENTRY
2026-06-10 11:00:00+00:00,HOLD,FLAT,0.0,0.0,0.0,HOLD_NO_ENTRY
2026-06-10 12:00:00+00:00,HOLD,FLAT,0.0,0.0,0.0,HOLD_NO_ENTRY
2026-06-10 13:00:00+00:00,HOLD,FLAT,0.0,0.0,0.0,HOLD_NO_ENTRY
2026-06-10 14:00:00+00:00,HOLD,FLAT,0.0,0.0,0.0,HOLD_NO_ENTRY
2026-06-10 15:00:00+00:00,HOLD,FLAT,0.0,0.0,0.0,HOLD_NO_ENTRY
2026-06-10 16:00:00+00:00,HOLD,FLAT,0.0,0.0,0.0,HOLD_NO_ENTRY
2026-06-10 17:00:00+00:00,HOLD,FLAT,0.0,0.0,0.0,WATCH_SLOW_UPTREND
2026-06-10 18:00:00+00:00,HOLD,FLAT,0.0,0.0,0.0,WATCH_SLOW_UPTREND
2026-06-10 19:00:00+00:00,HOLD,FLAT,0.0,0.0,0.0,HOLD_NO_ENTRY
2026-06-10 20:00:00+00:00,HOLD,FLAT,0.0,0.0,0.0,WATCH_SLOW_UPTREND
2026-06-10 21:00:00+00:00,HOLD,FLAT,0.0,0.0,0.0,HOLD_NO_ENTRY
2026-06-10 22:00:00+00:00,HOLD,FLAT,0.0,0.0,0.0,HOLD_NO_ENTRY
2026-06-10 23:00:00+00:00,HOLD,FLAT,0.0,0.0,0.0,HOLD_NO_ENTRY
2026-06-11 00:00:00+00:00,HOLD,FLAT,0.0,0.0,0.0,HOLD_NO_ENTRY
2026-06-11 01:00:00+00:00,HOLD,FLAT,0.0,0.0,0.0,HOLD_NO_ENTRY
2026-06-11 02:00:00+00:00,HOLD,FLAT,0.0,0.0,0.0,HOLD_NO_ENTRY
2026-06-11 03:00:00+00:00,HOLD,FLAT,0.0,0.0,0.0,WATCH_SLOW_UPTREND
2026-06-11 04:00:00+00:00,HOLD,FLAT,0.0,0.0,0.0,WATCH_SLOW_UPTREND
2026-06-11 05:00:00+00:00,HOLD,FLAT,0.0,0.0,0.0,WATCH_SLOW_UPTREND
2026-06-11 06:00:00+00:00,HOLD,FLAT,0.0,0.0,0.0,WATCH_SLOW_UPTREND
2026-06-11 07:00:00+00:00,HOLD,FLAT,0.0,0.0,0.0,WATCH_SLOW_UPTREND
2026-06-11 08:00:00+00:00,HOLD,FLAT,0.0,0.0,0.0,WATCH_SLOW_UPTREND
2026-06-11 09:00:00+00:00,HOLD,FLAT,0.0,0.0,0.0,WATCH_SLOW_UPTREND
2026-06-11 10:00:00+00:00,HOLD,FLAT,0.0,0.0,0.0,WATCH_SLOW_UPTREND
2026-06-11 11:00:00+00:00,HOLD,FLAT,0.0,0.0,0.0,WATCH_SLOW_UPTREND
2026-06-11 12:00:00+00:00,HOLD,FLAT,0.0,0.0,0.0,WATCH_SLOW_UPTREND
2026-06-11 13:00:00+00:00,HOLD,FLAT,0.0,0.0,0.0,WATCH_SLOW_UPTREND
2026-06-11 14:00:00+00:00,HOLD,FLAT,0.0,0.0,0.0,WATCH_SLOW_UPTREND
2026-06-11 15:00:00+00:00,HOLD,FLAT,0.0,0.0,0.0,WATCH_SLOW_UPTREND
2026-06-11 16:00:00+00:00,HOLD,FLAT,0.0,0.0,0.0,WATCH_SLOW_UPTREND
2026-06-11 17:00:00+00:00,HOLD,FLAT,0.0,0.0,0.0,WATCH_SLOW_UPTREND
2026-06-11 18:00:00+00:00,HOLD,FLAT,0.0,0.0,0.0,WATCH_SLOW_UPTREND
2026-06-11 19:00:00+00:00,HOLD,FLAT,0.0,0.0,0.0,WATCH_SLOW_UPTREND
2026-06-11 20:00:00+00:00,HOLD,FLAT,0.0,0.0,0.0,WATCH_SLOW_UPTREND
2026-06-11 21:00:00+00:00,HOLD,FLAT,0.0,0.0,0.0,WATCH_SLOW_UPTREND
2026-06-11 22:00:00+00:00,HOLD,FLAT,0.0,0.0,0.0,WATCH_SLOW_UPTREND
2026-06-11 23:00:00+00:00,HOLD,FLAT,0.0,0.0,0.0,WATCH_SLOW_UPTREND
2026-06-12 00:00:00+00:00,HOLD,FLAT,0.0,0.0,0.0,WATCH_SLOW_UPTREND
2026-06-12 01:00:00+00:00,HOLD,FLAT,0.0,0.0,0.0,WATCH_SLOW_UPTREND
2026-06-12 02:00:00+00:00,HOLD,FLAT,0.0,0.0,0.0,WATCH_SLOW_UPTREND
2026-06-12 03:00:00+00:00,HOLD,FLAT,0.0,0.0,0.0,WATCH_SLOW_UPTREND
2026-06-12 04:00:00+00:00,HOLD,FLAT,0.0,0.0,0.0,WATCH_SLOW_UPTREND
2026-06-12 05:00:00+00:00,HOLD,FLAT,0.0,0.0,0.0,WATCH_SLOW_UPTREND
2026-06-12 06:00:00+00:00,HOLD,FLAT,0.0,0.0,0.0,WATCH_SLOW_UPTREND
2026-06-12 07:00:00+00:00,HOLD,FLAT,0.0,0.0,0.0,HOLD_NO_ENTRY
2026-06-12 08:00:00+00:00,HOLD,FLAT,0.0,0.0,0.0,WATCH_SLOW_UPTREND
2026-06-12 09:00:00+00:00,HOLD,FLAT,0.0,0.0,0.0,WATCH_SLOW_UPTREND
2026-06-12 10:00:00+00:00,HOLD,FLAT,0.0,0.0,0.0,WATCH_SLOW_UPTREND
2026-06-12 11:00:00+00:00,HOLD,FLAT,0.0,0.0,0.0,WATCH_SLOW_UPTREND
2026-06-12 12:00:00+00:00,HOLD,FLAT,0.0,0.0,0.0,WATCH_SLOW_UPTREND
2026-06-12 13:00:00+00:00,HOLD,FLAT,0.0,0.0,0.0,WATCH_SLOW_UPTREND
2026-06-12 14:00:00+00:00,HOLD,FLAT,0.0,0.0,0.0,WATCH_SLOW_UPTREND
2026-06-12 15:00:00+00:00,HOLD,FLAT,0.0,0.0,0.0,WATCH_SLOW_UPTREND
2026-06-12 16:00:00+00:00,HOLD,FLAT,0.0,0.0,0.0,WATCH_SLOW_UPTREND
2026-06-12 17:00:00+00:00,HOLD,FLAT,0.0,0.0,0.0,WATCH_SLOW_UPTREND
2026-06-12 18:00:00+00:00,HOLD,FLAT,0.0,0.0,0.0,WATCH_SLOW_UPTREND
2026-06-12 19:00:00+00:00,HOLD,FLAT,0.0,0.0,0.0,WATCH_SLOW_UPTREND
2026-06-12 20:00:00+00:00,HOLD,FLAT,0.0,0.0,0.0,WATCH_SLOW_UPTREND
2026-06-12 21:00:00+00:00,HOLD,FLAT,0.0,0.0,0.0,WATCH_SLOW_UPTREND
2026-06-12 22:00:00+00:00,HOLD,FLAT,0.0,0.0,0.0,WATCH_SLOW_UPTREND
2026-06-12 23:00:00+00:00,HOLD,FLAT,0.0,0.0,0.0,WATCH_SLOW_UPTREND
2026-06-13 00:00:00+00:00,HOLD,FLAT,0.0,0.0,0.0,WATCH_SLOW_UPTREND
2026-06-13 01:00:00+00:00,HOLD,FLAT,0.0,0.0,0.0,WATCH_SLOW_UPTREND
2026-06-13 02:00:00+00:00,HOLD,FLAT,0.0,0.0,0.0,WATCH_SLOW_UPTREND
2026-06-13 03:00:00+00:00,HOLD,FLAT,0.0,0.0,0.0,WATCH_SLOW_UPTREND
2026-06-13 04:00:00+00:00,HOLD,FLAT,0.0,0.0,0.0,WATCH_SLOW_UPTREND
2026-06-13 05:00:00+00:00,HOLD,FLAT,0.0,0.0,0.0,WATCH_SLOW_UPTREND
2026-06-13 06:00:00+00:00,HOLD,FLAT,0.0,0.0,0.0,WATCH_SLOW_UPTREND
2026-06-13 07:00:00+00:00,HOLD,FLAT,0.0,0.0,0.0,WATCH_SLOW_UPTREND
2026-06-13 08:00:00+00:00,HOLD,FLAT,0.0,0.0,0.0,WATCH_SLOW_UPTREND
2026-06-13 09:00:00+00:00,HOLD,FLAT,0.0,0.0,0.0,WATCH_SLOW_UPTREND
2026-06-13 10:00:00+00:00,HOLD,FLAT,0.0,0.0,0.0,WATCH_SLOW_UPTREND
2026-06-13 11:00:00+00:00,HOLD,FLAT,0.0,0.0,0.0,WATCH_SLOW_UPTREND
2026-06-13 12:00:00+00:00,HOLD,FLAT,0.0,0.0,0.0,WATCH_SLOW_UPTREND
2026-06-13 13:00:00+00:00,HOLD,FLAT,0.0,0.0,0.0,WATCH_SLOW_UPTREND
2026-06-13 14:00:00+00:00,HOLD,FLAT,0.0,0.0,0.0,WATCH_SLOW_UPTREND
2026-06-13 15:00:00+00:00,HOLD,FLAT,0.0,0.0,0.0,WATCH_SLOW_UPTREND
2026-06-13 16:00:00+00:00,HOLD,FLAT,0.0,0.0,0.0,WATCH_SLOW_UPTREND
2026-06-13 17:00:00+00:00,HOLD,FLAT,0.0,0.0,0.0,WATCH_SLOW_UPTREND
2026-06-13 18:00:00+00:00,HOLD,FLAT,0.0,0.0,0.0,WATCH_SLOW_UPTREND
2026-06-13 19:00:00+00:00,HOLD,FLAT,0.0,0.0,0.0,WATCH_SLOW_UPTREND
2026-06-13 20:00:00+00:00,HOLD,FLAT,0.0,0.0,0.0,WATCH_SLOW_UPTREND
2026-06-13 21:00:00+00:00,HOLD,FLAT,0.0,0.0,0.0,WATCH_SLOW_UPTREND
2026-06-13 22:00:00+00:00,HOLD,FLAT,0.0,0.0,0.0,WATCH_SLOW_UPTREND
2026-06-13 23:00:00+00:00,HOLD,FLAT,0.0,0.0,0.0,WATCH_SLOW_UPTREND
2026-06-14 00:00:00+00:00,HOLD,FLAT,0.0,0.0,0.0,WATCH_SLOW_UPTREND
2026-06-14 01:00:00+00:00,HOLD,FLAT,0.0,0.0,0.0,WATCH_SLOW_UPTREND
2026-06-14 02:00:00+00:00,HOLD,FLAT,0.0,0.0,0.0,WATCH_SLOW_UPTREND
2026-06-14 03:00:00+00:00,HOLD,FLAT,0.0,0.0,0.0,WATCH_SLOW_UPTREND
2026-06-14 04:00:00+00:00,HOLD,FLAT,0.0,0.0,0.0,WATCH_SLOW_UPTREND
2026-06-14 05:00:00+00:00,HOLD,FLAT,0.0,0.0,0.0,WATCH_SLOW_UPTREND
2026-06-14 06:00:00+00:00,HOLD,FLAT,0.0,0.0,0.0,WATCH_SLOW_UPTREND
2026-06-14 07:00:00+00:00,HOLD,FLAT,0.0,0.0,0.0,WATCH_SLOW_UPTREND
2026-06-14 08:00:00+00:00,HOLD,FLAT,0.0,0.0,0.0,WATCH_SLOW_UPTREND
2026-06-14 09:00:00+00:00,HOLD,FLAT,0.0,0.0,0.0,WATCH_SLOW_UPTREND
2026-06-14 10:00:00+00:00,HOLD,FLAT,0.0,0.0,0.0,WATCH_SLOW_UPTREND
2026-06-14 11:00:00+00:00,HOLD,FLAT,0.0,0.0,0.0,WATCH_SLOW_UPTREND
2026-06-14 12:00:00+00:00,HOLD,FLAT,0.0,0.0,0.0,WATCH_SLOW_UPTREND
2026-06-14 13:00:00+00:00,HOLD,FLAT,0.0,0.0,0.0,WATCH_SLOW_UPTREND
2026-06-14 14:00:00+00:00,HOLD,FLAT,0.0,0.0,0.0,WATCH_SLOW_UPTREND
2026-06-14 15:00:00+00:00,HOLD,FLAT,0.0,0.0,0.0,HOLD_NO_ENTRY
2026-06-14 16:00:00+00:00,HOLD,FLAT,0.0,0.0,0.0,HOLD_NO_ENTRY
2026-06-14 17:00:00+00:00,HOLD,FLAT,0.0,0.0,0.0,HOLD_NO_ENTRY
2026-06-14 18:00:00+00:00,HOLD,FLAT,0.0,0.0,0.0,HOLD_NO_ENTRY
2026-06-14 19:00:00+00:00,HOLD,FLAT,0.0,0.0,0.0,HOLD_NO_ENTRY
2026-06-14 20:00:00+00:00,HOLD,FLAT,0.0,0.0,0.0,HOLD_NO_ENTRY
2026-06-14 21:00:00+00:00,HOLD,FLAT,0.0,0.0,0.0,HOLD_NO_ENTRY
2026-06-14 22:00:00+00:00,HOLD,FLAT,0.0,0.0,0.0,WATCH_SLOW_UPTREND
2026-06-14 23:00:00+00:00,HOLD,FLAT,0.0,0.0,0.0,WATCH_SLOW_UPTREND
2026-06-15 00:00:00+00:00,HOLD,FLAT,0.0,0.0,0.0,WATCH_SLOW_UPTREND
2026-06-15 01:00:00+00:00,HOLD,FLAT,0.0,0.0,0.0,WATCH_SLOW_UPTREND
2026-06-15 02:00:00+00:00,HOLD,FLAT,0.0,0.0,0.0,WATCH_SLOW_UPTREND
2026-06-15 03:00:00+00:00,HOLD,FLAT,0.0,0.0,0.0,WATCH_SLOW_UPTREND
2026-06-15 04:00:00+00:00,HOLD,FLAT,0.0,0.0,0.0,WATCH_SLOW_UPTREND
2026-06-15 05:00:00+00:00,HOLD,FLAT,0.0,0.0,0.0,WATCH_SLOW_UPTREND
2026-06-15 06:00:00+00:00,HOLD,FLAT,0.0,0.0,0.0,WATCH_SLOW_UPTREND
2026-06-15 07:00:00+00:00,HOLD,FLAT,0.0,0.0,0.0,WATCH_SLOW_UPTREND
2026-06-15 08:00:00+00:00,HOLD,FLAT,0.0,0.0,0.0,WATCH_SLOW_UPTREND
2026-06-15 09:00:00+00:00,HOLD,FLAT,0.0,0.0,0.0,WATCH_SLOW_UPTREND
2026-06-15 10:00:00+00:00,HOLD,FLAT,0.0,0.0,0.0,WATCH_SLOW_UPTREND
2026-06-15 11:00:00+00:00,HOLD,FLAT,0.0,0.0,0.0,WATCH_SLOW_UPTREND
2026-06-15 12:00:00+00:00,HOLD,FLAT,0.0,0.0,0.0,WATCH_SLOW_UPTREND
2026-06-15 13:00:00+00:00,HOLD,FLAT,0.0,0.0,0.0,WATCH_SLOW_UPTREND
2026-06-15 14:00:00+00:00,HOLD,FLAT,0.0,0.0,0.0,WATCH_SLOW_UPTREND
2026-06-15 15:00:00+00:00,HOLD,FLAT,0.0,0.0,0.0,WATCH_SLOW_UPTREND
2026-06-15 16:00:00+00:00,HOLD,FLAT,0.0,0.0,0.0,WATCH_SLOW_UPTREND
2026-06-15 17:00:00+00:00,HOLD,FLAT,0.0,0.0,0.0,WATCH_SLOW_UPTREND
2026-06-15 18:00:00+00:00,HOLD,FLAT,0.0,0.0,0.0,WATCH_SLOW_UPTREND
2026-06-15 19:00:00+00:00,HOLD,FLAT,0.0,0.0,0.0,WATCH_SLOW_UPTREND
2026-06-15 20:00:00+00:00,HOLD,FLAT,0.0,0.0,0.0,WATCH_SLOW_UPTREND
2026-06-15 21:00:00+00:00,HOLD,FLAT,0.0,0.0,0.0,WATCH_SLOW_UPTREND
2026-06-15 22:00:00+00:00,HOLD,FLAT,0.0,0.0,0.0,WATCH_SLOW_UPTREND
2026-06-15 23:00:00+00:00,HOLD,FLAT,0.0,0.0,0.0,WATCH_SLOW_UPTREND
2026-06-16 00:00:00+00:00,HOLD,FLAT,0.0,0.0,0.0,WATCH_SLOW_UPTREND
2026-06-16 01:00:00+00:00,HOLD,FLAT,0.0,0.0,0.0,WATCH_SLOW_UPTREND
2026-06-16 02:00:00+00:00,HOLD,FLAT,0.0,0.0,0.0,WATCH_SLOW_UPTREND
2026-06-16 03:00:00+00:00,HOLD,FLAT,0.0,0.0,0.0,HOLD_NO_ENTRY
2026-06-16 04:00:00+00:00,HOLD,FLAT,0.0,0.0,0.0,WATCH_SLOW_UPTREND
2026-06-16 05:00:00+00:00,HOLD,FLAT,0.0,0.0,0.0,HOLD_NO_ENTRY
2026-06-16 06:00:00+00:00,HOLD,FLAT,0.0,0.0,0.0,WATCH_SLOW_UPTREND
2026-06-16 07:00:00+00:00,HOLD,FLAT,0.0,0.0,0.0,WATCH_SLOW_UPTREND
2026-06-16 08:00:00+00:00,HOLD,FLAT,0.0,0.0,0.0,WATCH_SLOW_UPTREND
2026-06-16 09:00:00+00:00,HOLD,FLAT,0.0,0.0,0.0,WATCH_SLOW_UPTREND
2026-06-16 10:00:00+00:00,HOLD,FLAT,0.0,0.0,0.0,WATCH_SLOW_UPTREND
2026-06-16 11:00:00+00:00,HOLD,FLAT,0.0,0.0,0.0,WATCH_SLOW_UPTREND
2026-06-16 12:00:00+00:00,HOLD,FLAT,0.0,0.0,0.0,WATCH_SLOW_UPTREND
2026-06-16 13:00:00+00:00,HOLD,FLAT,0.0,0.0,0.0,WATCH_SLOW_UPTREND
2026-06-16 14:00:00+00:00,HOLD,FLAT,0.0,0.0,0.0,WATCH_SLOW_UPTREND
2026-06-16 15:00:00+00:00,HOLD,FLAT,0.0,0.0,0.0,HOLD_NO_ENTRY
2026-06-16 16:00:00+00:00,HOLD,FLAT,0.0,0.0,0.0,WATCH_SLOW_UPTREND
2026-06-16 17:00:00+00:00,HOLD,FLAT,0.0,0.0,0.0,HOLD_NO_ENTRY
2026-06-16 18:00:00+00:00,HOLD,FLAT,0.0,0.0,0.0,HOLD_NO_ENTRY
2026-06-16 19:00:00+00:00,HOLD,FLAT,0.0,0.0,0.0,HOLD_NO_ENTRY
2026-06-16 20:00:00+00:00,HOLD,FLAT,0.0,0.0,0.0,HOLD_NO_ENTRY
2026-06-16 21:00:00+00:00,HOLD,FLAT,0.0,0.0,0.0,HOLD_NO_ENTRY
2026-06-16 22:00:00+00:00,HOLD,FLAT,0.0,0.0,0.0,HOLD_NO_ENTRY
2026-06-16 23:00:00+00:00,HOLD,FLAT,0.0,0.0,0.0,HOLD_NO_ENTRY
2026-06-17 00:00:00+00:00,HOLD,FLAT,0.0,0.0,0.0,HOLD_NO_ENTRY
2026-06-17 01:00:00+00:00,HOLD,FLAT,0.0,0.0,0.0,HOLD_NO_ENTRY
2026-06-17 02:00:00+00:00,HOLD,FLAT,0.0,0.0,0.0,HOLD_NO_ENTRY
2026-06-17 03:00:00+00:00,HOLD,FLAT,0.0,0.0,0.0,HOLD_NO_ENTRY
2026-06-17 04:00:00+00:00,HOLD,FLAT,0.0,0.0,0.0,HOLD_NO_ENTRY
2026-06-17 05:00:00+00:00,HOLD,FLAT,0.0,0.0,0.0,HOLD_NO_ENTRY
2026-06-17 06:00:00+00:00,HOLD,FLAT,0.0,0.0,0.0,HOLD_NO_ENTRY
2026-06-17 07:00:00+00:00,HOLD,FLAT,0.0,0.0,0.0,HOLD_NO_ENTRY
2026-06-17 08:00:00+00:00,OPEN_SHORT,SHORT,0.058672502636909485,1.1734500527381897,0.058672502636909485,OPEN_SHORT_SIGNAL
2026-06-17 09:00:00+00:00,ADD,SHORT,0.08746225833892822,1.7492451667785645,0.08746225833892822,ADD_SIGNAL_CONFIRMED
2026-06-17 10:00:00+00:00,HOLD,SHORT,0.0,0.0,0.0,HOLD_TREND_CONTINUATION
2026-06-17 11:00:00+00:00,HOLD,SHORT,0.0,0.0,0.0,HOLD_TREND_CONTINUATION
2026-06-17 12:00:00+00:00,HOLD,SHORT,0.0,0.0,0.0,HOLD_TREND_CONTINUATION
2026-06-17 13:00:00+00:00,HOLD,SHORT,0.0,0.0,0.0,HOLD_TREND_CONTINUATION
2026-06-17 14:00:00+00:00,HOLD,SHORT,0.05638863295316696,1.1277726590633392,0.05638863295316696,HOLD_TREND_CONTINUATION
2026-06-17 15:00:00+00:00,REDUCE,SHORT,0.0,0.0,0.0,REDUCE_TREND_EXHAUSTION
2026-06-17 16:00:00+00:00,HOLD,SHORT,0.03915021911263466,0.7830043822526932,0.03915021911263466,HOLD_TREND_CONTINUATION
2026-06-17 17:00:00+00:00,HOLD,SHORT,0.04102011755108833,0.8204023510217666,0.04102011755108833,HOLD_TREND_CONTINUATION
2026-06-17 18:00:00+00:00,CLOSE,FLAT,0.0,0.0,0.0,CLOSE_HARD_STOP
2026-06-17 19:00:00+00:00,OPEN_SHORT,SHORT,0.04260259807109833,0.8520519614219666,0.04260259807109833,OPEN_SHORT_SIGNAL
2026-06-17 20:00:00+00:00,ADD,SHORT,0.07050582110881806,1.4101164221763614,0.07050582110881806,ADD_SIGNAL_CONFIRMED
2026-06-17 21:00:00+00:00,HOLD,SHORT,0.05391074568033219,1.0782149136066437,0.05391074568033219,HOLD_TREND_CONTINUATION
2026-06-17 22:00:00+00:00,HOLD,SHORT,0.054921339452266696,1.0984267890453339,0.054921339452266696,HOLD_TREND_CONTINUATION
2026-06-17 23:00:00+00:00,HOLD,SHORT,0.052804745733737946,1.056094914674759,0.052804745733737946,HOLD_TREND_CONTINUATION
2026-06-18 00:00:00+00:00,HOLD,SHORT,0.05149654299020767,1.0299308598041534,0.05149654299020767,HOLD_TREND_CONTINUATION
2026-06-18 01:00:00+00:00,HOLD,SHORT,0.052005165815353395,1.0401033163070679,0.052005165815353395,HOLD_TREND_CONTINUATION
2026-06-18 02:00:00+00:00,HOLD,SHORT,0.05207176059484482,1.0414352118968964,0.05207176059484482,HOLD_TREND_CONTINUATION
2026-06-18 03:00:00+00:00,HOLD,SHORT,0.05345331728458405,1.069066345691681,0.05345331728458405,HOLD_TREND_CONTINUATION
2026-06-18 04:00:00+00:00,HOLD,SHORT,0.05242245495319367,1.0484490990638733,0.05242245495319367,HOLD_TREND_CONTINUATION
2026-06-18 05:00:00+00:00,HOLD,SHORT,0.05161963850259781,1.0323927700519562,0.05161963850259781,HOLD_TREND_CONTINUATION
2026-06-18 06:00:00+00:00,HOLD,SHORT,0.050086000561714174,1.0017200112342834,0.050086000561714174,HOLD_TREND_CONTINUATION
2026-06-18 07:00:00+00:00,REDUCE,SHORT,0.06698053005337716,1.3396106010675433,0.06698053005337716,REDUCE_TREND_EXHAUSTION
2026-06-18 08:00:00+00:00,HOLD,SHORT,0.03662929087877273,0.7325858175754546,0.03662929087877273,HOLD_TREND_CONTINUATION
2026-06-18 09:00:00+00:00,HOLD,SHORT,0.036329030543565746,0.7265806108713149,0.036329030543565746,HOLD_TREND_CONTINUATION
2026-06-18 10:00:00+00:00,HOLD,SHORT,0.0505689948797226,1.011379897594452,0.0505689948797226,HOLD_TREND_CONTINUATION
2026-06-18 11:00:00+00:00,HOLD,SHORT,0.053055796027183535,1.0611159205436707,0.053055796027183535,HOLD_TREND_CONTINUATION
2026-06-18 12:00:00+00:00,HOLD,SHORT,0.05291958898305893,1.0583917796611786,0.05291958898305893,HOLD_TREND_CONTINUATION
2026-06-18 13:00:00+00:00,HOLD,SHORT,0.03588561981916428,0.7177123963832855,0.03588561981916428,HOLD_TREND_CONTINUATION
2026-06-18 14:00:00+00:00,HOLD,SHORT,0.05200546085834504,1.0401092171669006,0.05200546085834504,HOLD_TREND_CONTINUATION
2026-06-18 15:00:00+00:00,HOLD,SHORT,0.050780902802944186,1.0156180560588837,0.050780902802944186,HOLD_TREND_CONTINUATION
2026-06-18 16:00:00+00:00,REDUCE,SHORT,0.03349026502668858,0.6698053005337716,0.03349026502668858,REDUCE_TREND_PROFIT_LOCK
2026-06-18 17:00:00+00:00,HOLD,SHORT,0.05247433334589005,1.049486666917801,0.05247433334589005,HOLD_TREND_RUNNER
2026-06-18 18:00:00+00:00,HOLD,SHORT,0.05237706303596497,1.0475412607192993,0.05237706303596497,HOLD_TREND_RUNNER
2026-06-18 19:00:00+00:00,HOLD,SHORT,0.05303564369678498,1.0607128739356995,0.05303564369678498,HOLD_TREND_RUNNER
2026-06-18 20:00:00+00:00,HOLD,SHORT,0.0541578084230423,1.083156168460846,0.0541578084230423,HOLD_TREND_RUNNER
2026-06-18 21:00:00+00:00,HOLD,SHORT,0.0547195702791214,1.094391405582428,0.0547195702791214,HOLD_TREND_RUNNER
2026-06-18 22:00:00+00:00,HOLD,SHORT,0.05448612421751023,1.0897224843502045,0.05448612421751023,HOLD_TREND_RUNNER
2026-06-18 23:00:00+00:00,HOLD,SHORT,0.05286251604557038,1.0572503209114075,0.05286251604557038,HOLD_TREND_RUNNER
2026-06-19 00:00:00+00:00,HOLD,SHORT,0.05341831892728806,1.068366378545761,0.05341831892728806,HOLD_TREND_RUNNER
2026-06-19 01:00:00+00:00,HOLD,SHORT,0.0,0.0,0.0,HOLD_TREND_RUNNER
2026-06-19 02:00:00+00:00,HOLD,SHORT,0.0,0.0,0.0,HOLD_TREND_RUNNER
2026-06-19 03:00:00+00:00,HOLD,SHORT,0.0,0.0,0.0,HOLD_TREND_RUNNER
2026-06-19 04:00:00+00:00,HOLD,SHORT,0.0,0.0,0.0,HOLD_TREND_RUNNER
2026-06-19 05:00:00+00:00,HOLD,SHORT,0.0,0.0,0.0,HOLD_TREND_RUNNER
2026-06-19 06:00:00+00:00,HOLD,SHORT,0.0,0.0,0.0,HOLD_TREND_RUNNER
2026-06-19 07:00:00+00:00,HOLD,SHORT,0.03684015810489655,0.736803162097931,0.03684015810489655,HOLD_TREND_RUNNER
2026-06-19 08:00:00+00:00,HOLD,SHORT,0.0,0.0,0.0,HOLD_TREND_RUNNER
2026-06-19 09:00:00+00:00,HOLD,SHORT,0.0,0.0,0.0,HOLD_TREND_RUNNER
2026-06-19 10:00:00+00:00,HOLD,SHORT,0.0,0.0,0.0,HOLD_TREND_RUNNER
2026-06-19 11:00:00+00:00,HOLD,SHORT,0.0,0.0,0.0,HOLD_TREND_RUNNER
2026-06-19 12:00:00+00:00,HOLD,SHORT,0.05196164697408676,1.0392329394817352,0.05196164697408676,HOLD_TREND_RUNNER
2026-06-19 13:00:00+00:00,HOLD,SHORT,0.036292596757411956,0.7258519351482391,0.036292596757411956,HOLD_TREND_RUNNER
2026-06-19 14:00:00+00:00,HOLD,SHORT,0.035407834351062775,0.7081566870212554,0.035407834351062775,HOLD_TREND_RUNNER
2026-06-19 15:00:00+00:00,HOLD,SHORT,0.03531846940517425,0.706369388103485,0.03531846940517425,HOLD_TREND_RUNNER
2026-06-19 16:00:00+00:00,HOLD,SHORT,0.035117374807596205,0.702347496151924,0.035117374807596205,HOLD_TREND_RUNNER
2026-06-19 17:00:00+00:00,HOLD,SHORT,0.03515319839119911,0.7030639678239823,0.03515319839119911,HOLD_TREND_RUNNER
2026-06-19 18:00:00+00:00,HOLD,SHORT,0.035572113394737245,0.711442267894745,0.035572113394737245,HOLD_TREND_RUNNER
2026-06-19 19:00:00+00:00,CLOSE,FLAT,0.0,0.0,0.0,CLOSE_TREND_MAX_HOLD_BARS
2026-06-19 20:00:00+00:00,HOLD,FLAT,0.0,0.0,0.0,HOLD_NO_ENTRY
2026-06-19 21:00:00+00:00,HOLD,FLAT,0.0,0.0,0.0,HOLD_NO_ENTRY
2026-06-19 22:00:00+00:00,HOLD,FLAT,0.0,0.0,0.0,HOLD_NO_ENTRY
2026-06-19 23:00:00+00:00,HOLD,FLAT,0.0,0.0,0.0,HOLD_NO_ENTRY
2026-06-20 00:00:00+00:00,HOLD,FLAT,0.0,0.0,0.0,WATCH_SLOW_UPTREND
2026-06-20 01:00:00+00:00,HOLD,FLAT,0.0,0.0,0.0,WATCH_SLOW_UPTREND
2026-06-20 02:00:00+00:00,HOLD,FLAT,0.0,0.0,0.0,WATCH_SLOW_UPTREND
2026-06-20 03:00:00+00:00,HOLD,FLAT,0.0,0.0,0.0,WATCH_SLOW_UPTREND
2026-06-20 04:00:00+00:00,HOLD,FLAT,0.0,0.0,0.0,WATCH_SLOW_UPTREND
2026-06-20 05:00:00+00:00,HOLD,FLAT,0.0,0.0,0.0,WATCH_SLOW_UPTREND
2026-06-20 06:00:00+00:00,HOLD,FLAT,0.0,0.0,0.0,WATCH_SLOW_UPTREND
2026-06-20 07:00:00+00:00,HOLD,FLAT,0.0,0.0,0.0,WATCH_SLOW_UPTREND
2026-06-20 08:00:00+00:00,HOLD,FLAT,0.0,0.0,0.0,WATCH_SLOW_UPTREND
2026-06-20 09:00:00+00:00,HOLD,FLAT,0.0,0.0,0.0,WATCH_SLOW_UPTREND
2026-06-20 10:00:00+00:00,HOLD,FLAT,0.0,0.0,0.0,WATCH_SLOW_UPTREND
2026-06-20 11:00:00+00:00,HOLD,FLAT,0.0,0.0,0.0,WATCH_SLOW_UPTREND
2026-06-20 12:00:00+00:00,HOLD,FLAT,0.0,0.0,0.0,WATCH_SLOW_UPTREND
2026-06-20 13:00:00+00:00,HOLD,FLAT,0.0,0.0,0.0,WATCH_SLOW_UPTREND
2026-06-20 14:00:00+00:00,HOLD,FLAT,0.0,0.0,0.0,WATCH_SLOW_UPTREND
2026-06-20 15:00:00+00:00,HOLD,FLAT,0.0,0.0,0.0,WATCH_SLOW_UPTREND
2026-06-20 16:00:00+00:00,HOLD,FLAT,0.0,0.0,0.0,WATCH_SLOW_UPTREND
2026-06-20 17:00:00+00:00,HOLD,FLAT,0.0,0.0,0.0,WATCH_SLOW_UPTREND
2026-06-20 18:00:00+00:00,HOLD,FLAT,0.0,0.0,0.0,WATCH_SLOW_UPTREND
2026-06-20 19:00:00+00:00,HOLD,FLAT,0.0,0.0,0.0,WATCH_SLOW_UPTREND
2026-06-20 20:00:00+00:00,HOLD,FLAT,0.0,0.0,0.0,WATCH_SLOW_UPTREND
2026-06-20 21:00:00+00:00,HOLD,FLAT,0.0,0.0,0.0,WATCH_SLOW_UPTREND
2026-06-20 22:00:00+00:00,HOLD,FLAT,0.0,0.0,0.0,WATCH_SLOW_UPTREND
2026-06-20 23:00:00+00:00,HOLD,FLAT,0.0,0.0,0.0,WATCH_SLOW_UPTREND
2026-06-21 00:00:00+00:00,HOLD,FLAT,0.0,0.0,0.0,WATCH_SLOW_UPTREND
2026-06-21 01:00:00+00:00,HOLD,FLAT,0.0,0.0,0.0,WATCH_SLOW_UPTREND
2026-06-21 02:00:00+00:00,HOLD,FLAT,0.0,0.0,0.0,WATCH_SLOW_UPTREND
2026-06-21 03:00:00+00:00,HOLD,FLAT,0.0,0.0,0.0,WATCH_SLOW_UPTREND
2026-06-21 04:00:00+00:00,HOLD,FLAT,0.0,0.0,0.0,WATCH_SLOW_UPTREND
2026-06-21 05:00:00+00:00,HOLD,FLAT,0.0,0.0,0.0,WATCH_SLOW_UPTREND
2026-06-21 06:00:00+00:00,HOLD,FLAT,0.0,0.0,0.0,WATCH_SLOW_UPTREND
2026-06-21 07:00:00+00:00,HOLD,FLAT,0.0,0.0,0.0,WATCH_SLOW_UPTREND
2026-06-21 08:00:00+00:00,HOLD,FLAT,0.0,0.0,0.0,WATCH_SLOW_UPTREND
2026-06-21 09:00:00+00:00,HOLD,FLAT,0.0,0.0,0.0,WATCH_SLOW_UPTREND
2026-06-21 10:00:00+00:00,HOLD,FLAT,0.0,0.0,0.0,WATCH_SLOW_UPTREND
2026-06-21 11:00:00+00:00,HOLD,FLAT,0.0,0.0,0.0,WATCH_SLOW_UPTREND
2026-06-21 12:00:00+00:00,HOLD,FLAT,0.0,0.0,0.0,WATCH_SLOW_UPTREND
2026-06-21 13:00:00+00:00,HOLD,FLAT,0.0,0.0,0.0,WATCH_SLOW_UPTREND
2026-06-21 14:00:00+00:00,HOLD,FLAT,0.0,0.0,0.0,WATCH_SLOW_UPTREND
2026-06-21 15:00:00+00:00,HOLD,FLAT,0.0,0.0,0.0,WATCH_SLOW_UPTREND
2026-06-21 16:00:00+00:00,HOLD,FLAT,0.0,0.0,0.0,WATCH_SLOW_UPTREND
2026-06-21 17:00:00+00:00,HOLD,FLAT,0.0,0.0,0.0,WATCH_SLOW_UPTREND
2026-06-21 18:00:00+00:00,HOLD,FLAT,0.0,0.0,0.0,WATCH_SLOW_UPTREND
2026-06-21 19:00:00+00:00,HOLD,FLAT,0.0,0.0,0.0,WATCH_SLOW_UPTREND
2026-06-21 20:00:00+00:00,HOLD,FLAT,0.0,0.0,0.0,WATCH_SLOW_UPTREND
2026-06-21 21:00:00+00:00,HOLD,FLAT,0.0,0.0,0.0,HOLD_NO_ENTRY
2026-06-21 22:00:00+00:00,HOLD,FLAT,0.0,0.0,0.0,HOLD_NO_ENTRY
2026-06-21 23:00:00+00:00,HOLD,FLAT,0.0,0.0,0.0,HOLD_NO_ENTRY
2026-06-22 00:00:00+00:00,HOLD,FLAT,0.0,0.0,0.0,HOLD_NO_ENTRY
2026-06-22 01:00:00+00:00,HOLD,FLAT,0.0,0.0,0.0,HOLD_NO_ENTRY
2026-06-22 02:00:00+00:00,HOLD,FLAT,0.0,0.0,0.0,HOLD_NO_ENTRY
2026-06-22 03:00:00+00:00,HOLD,FLAT,0.0,0.0,0.0,WATCH_SLOW_UPTREND
2026-06-22 04:00:00+00:00,HOLD,FLAT,0.0,0.0,0.0,HOLD_NO_ENTRY
2026-06-22 05:00:00+00:00,HOLD,FLAT,0.0,0.0,0.0,WATCH_SLOW_UPTREND
2026-06-22 06:00:00+00:00,HOLD,FLAT,0.0,0.0,0.0,WATCH_SLOW_UPTREND
2026-06-22 07:00:00+00:00,HOLD,FLAT,0.0,0.0,0.0,WATCH_SLOW_UPTREND
2026-06-22 08:00:00+00:00,HOLD,FLAT,0.0,0.0,0.0,WATCH_SLOW_UPTREND
2026-06-22 09:00:00+00:00,HOLD,FLAT,0.0,0.0,0.0,WATCH_SLOW_UPTREND
2026-06-22 10:00:00+00:00,HOLD,FLAT,0.0,0.0,0.0,WATCH_SLOW_UPTREND
2026-06-22 11:00:00+00:00,HOLD,FLAT,0.0,0.0,0.0,WATCH_SLOW_UPTREND
2026-06-22 12:00:00+00:00,HOLD,FLAT,0.0,0.0,0.0,WATCH_SLOW_UPTREND
2026-06-22 13:00:00+00:00,HOLD,FLAT,0.0,0.0,0.0,WATCH_SLOW_UPTREND
2026-06-22 14:00:00+00:00,HOLD,FLAT,0.0,0.0,0.0,WATCH_SLOW_UPTREND
2026-06-22 15:00:00+00:00,HOLD,FLAT,0.0,0.0,0.0,WATCH_SLOW_UPTREND
2026-06-22 16:00:00+00:00,HOLD,FLAT,0.0,0.0,0.0,WATCH_SLOW_UPTREND
2026-06-22 17:00:00+00:00,HOLD,FLAT,0.0,0.0,0.0,WATCH_SLOW_UPTREND
2026-06-22 18:00:00+00:00,HOLD,FLAT,0.0,0.0,0.0,WATCH_SLOW_UPTREND
2026-06-22 19:00:00+00:00,HOLD,FLAT,0.0,0.0,0.0,WATCH_SLOW_UPTREND
2026-06-22 20:00:00+00:00,HOLD,FLAT,0.0,0.0,0.0,WATCH_SLOW_UPTREND
2026-06-22 21:00:00+00:00,HOLD,FLAT,0.0,0.0,0.0,WATCH_SLOW_UPTREND
2026-06-22 22:00:00+00:00,HOLD,FLAT,0.0,0.0,0.0,WATCH_SLOW_UPTREND
2026-06-22 23:00:00+00:00,HOLD,FLAT,0.0,0.0,0.0,HOLD_NO_ENTRY
2026-06-23 00:00:00+00:00,HOLD,FLAT,0.0,0.0,0.0,HOLD_NO_ENTRY
2026-06-23 01:00:00+00:00,HOLD,FLAT,0.0,0.0,0.0,HOLD_NO_ENTRY
2026-06-23 02:00:00+00:00,HOLD,FLAT,0.0,0.0,0.0,HOLD_NO_ENTRY
2026-06-23 03:00:00+00:00,HOLD,FLAT,0.0,0.0,0.0,HOLD_NO_ENTRY
2026-06-23 04:00:00+00:00,HOLD,FLAT,0.0,0.0,0.0,HOLD_NO_ENTRY
2026-06-23 05:00:00+00:00,HOLD,FLAT,0.0,0.0,0.0,HOLD_NO_ENTRY
2026-06-23 06:00:00+00:00,HOLD,FLAT,0.0,0.0,0.0,HOLD_NO_ENTRY
2026-06-23 07:00:00+00:00,HOLD,FLAT,0.0,0.0,0.0,HOLD_NO_ENTRY
2026-06-23 08:00:00+00:00,HOLD,FLAT,0.0,0.0,0.0,HOLD_NO_ENTRY
2026-06-23 09:00:00+00:00,OPEN_SHORT,SHORT,0.072,1.44,0.072,OPEN_SHORT_CRASH
2026-06-23 10:00:00+00:00,HOLD,SHORT,0.06569179773330688,1.3138359546661378,0.06569179773330688,HOLD_CRASH_TREND_CONFIRMING
2026-06-23 11:00:00+00:00,HOLD,SHORT,0.06562699556350708,1.3125399112701417,0.06562699556350708,HOLD_CRASH_TREND_CONFIRMING
2026-06-23 12:00:00+00:00,HOLD,SHORT,0.05408554524183273,1.0817109048366547,0.05408554524183273,HOLD_CRASH_TREND_CONFIRMING
2026-06-23 13:00:00+00:00,HOLD,SHORT,0.06814556300640107,1.3629112601280213,0.06814556300640107,HOLD_CRASH_TREND_CONFIRMING
2026-06-23 14:00:00+00:00,HOLD,SHORT,0.056112611293792726,1.1222522258758545,0.056112611293792726,HOLD_CRASH_TREND_CONFIRMING
2026-06-23 15:00:00+00:00,HOLD,SHORT,0.05606663376092911,1.1213326752185822,0.05606663376092911,HOLD_CRASH_TREND_CONFIRMING
2026-06-23 16:00:00+00:00,HOLD,SHORT,0.056084698438644415,1.1216939687728882,0.056084698438644415,HOLD_CRASH_TREND_CONFIRMING
2026-06-23 17:00:00+00:00,HOLD,SHORT,0.05675950199365616,1.1351900398731232,0.05675950199365616,HOLD_CRASH_TREND_CONFIRMING
2026-06-23 18:00:00+00:00,HOLD,SHORT,0.05623137503862381,1.1246275007724762,0.05623137503862381,HOLD_CRASH_TREND_CONFIRMING
2026-06-23 19:00:00+00:00,HOLD,SHORT,0.05623551458120346,1.1247102916240692,0.05623551458120346,HOLD_CRASH_TREND_CONFIRMING
2026-06-23 20:00:00+00:00,HOLD,SHORT,0.05547153204679489,1.1094306409358978,0.05547153204679489,HOLD_SHORT_REVERSE_WAIT_CONFIRM
2026-06-23 21:00:00+00:00,CLOSE,FLAT,0.0,0.0,0.0,CLOSE_CRASH_FAILED
2026-06-23 22:00:00+00:00,HOLD,FLAT,0.0,0.0,0.0,HOLD_NO_ENTRY
